stop1,stop2,transporte1,transporte2,mean_time_diff
ABRANTES,PAN BENDITO,metro,metro,106.5
ABRANTES,PLAZA ELIPTICA,metro,metro,123.5
ACACIAS,PIRAMIDES,metro,metro,83.0
ACACIAS,PUERTA DE TOLEDO,metro,metro,138.0
AEROPUERTO T-4,BARAJAS,metro,metro,175.0
AEROPUERTO T1-T2-T3,BARAJAS,metro,metro,118.0
AEROPUERTO T1-T2-T3,FERIA DE MADRID,metro,metro,339.0
ALAMEDA DE OSUNA,EL CAPRICHO,metro,metro,114.0
ALCORCON CENTRAL,PARQUE LISBOA,metro,metro,108.0
ALCORCON CENTRAL,PARQUE OESTE,metro,metro,144.0
ALFONSO XIII,AVENIDA DE LA PAZ,metro,metro,101.5
ALFONSO XIII,PROSPERIDAD,metro,metro,137.0
ALMENDRALES,HOSPITAL 12 DE OCTUBRE,metro,metro,150.5
ALMENDRALES,LEGAZPI,metro,metro,146.5
ALONSO CANO,CANAL,metro,metro,61.5
ALONSO CANO,GREGORIO MARAÑON,metro,metro,81.0
ALONSO DE MENDOZA,CONSERVATORIO,metro,metro,108.0
ALONSO DE MENDOZA,GETAFE CENTRAL,metro,metro,117.0
ALONSO MARTINEZ,BILBAO,metro,metro,69.5
ALONSO MARTINEZ,CHUECA,metro,metro,107.0
ALONSO MARTINEZ,COLON,metro,metro,60.5
ALONSO MARTINEZ,GREGORIO MARAÑON,metro,metro,134.0
ALONSO MARTINEZ,RUBEN DARIO,metro,metro,109.0
ALONSO MARTINEZ,TRIBUNAL,metro,metro,66.0
ALSACIA,AVENIDA DE GUADALAJARA,metro,metro,162.0
ALSACIA,LA ALMUDENA,metro,metro,212.5
ALTO DE EXTREMADURA,LUCERO,metro,metro,131.5
ALTO DE EXTREMADURA,PUERTA DEL ANGEL,metro,metro,144.0
ALTO DEL ARENAL,BUENOS AIRES,metro,metro,103.0
ALTO DEL ARENAL,MIGUEL HERNANDEZ,metro,metro,99.5
ALUCHE,EMPALME,metro,metro,104.0
ALUCHE,EUGENIA DE MONTIJO,metro,metro,143.0
ALVARADO,CUATRO CAMINOS,metro,metro,68.5
ALVARADO,ESTRECHO,metro,metro,84.5
ANTON MARTIN,ESTACION DEL ARTE,metro,metro,107.0
ANTON MARTIN,TIRSO DE MOLINA,metro,metro,76.5
ANTONIO MACHADO,PEÑAGRANDE,metro,metro,85.5
ANTONIO MACHADO,VALDEZARZA,metro,metro,114.5
ARGANDA DEL REY,LA POVEDA,metro,metro,245.5
ARGANZUELA-PLANETARIO,LEGAZPI,metro,metro,93.5
ARGANZUELA-PLANETARIO,MENDEZ ALVARO,metro,metro,111.0
ARGÜELLES,MONCLOA,metro,metro,67.0
ARGÜELLES,PRINCIPE PIO,metro,metro,190.5
ARGÜELLES,SAN BERNARDO,metro,metro,130.0
ARGÜELLES,VENTURA RODRIGUEZ,metro,metro,68.5
ARROYO CULEBRO,CONSERVATORIO,metro,metro,89.0
ARROYO CULEBRO,PARQUE DE LOS ESTADOS,metro,metro,242.5
ARROYOFRESNO,LACOMA,metro,metro,91.0
ARROYOFRESNO,PITIS,metro,metro,73.0
ARTILLEROS,PAVONES,metro,metro,126.0
ARTILLEROS,VINATEROS,metro,metro,116.0
ARTURO SORIA,AVENIDA DE LA PAZ,metro,metro,121.5
ARTURO SORIA,ESPERANZA,metro,metro,134.0
ASCAO,GARCIA NOBLEJAS,metro,metro,102.0
ASCAO,PUEBLO NUEVO,metro,metro,92.5
ATOCHA,ESTACION DEL ARTE,metro,metro,48.5
ATOCHA,MENENDEZ PELAYO,metro,metro,111.0
AVENIDA DE AMERICA,CARTAGENA,metro,metro,94.5
AVENIDA DE AMERICA,CRUZ DEL RAYO,metro,metro,97.0
AVENIDA DE AMERICA,DIEGO DE LEON,metro,metro,90.5
AVENIDA DE AMERICA,GREGORIO MARAÑON,metro,metro,141.0
AVENIDA DE AMERICA,NUÑEZ DE BALBOA,metro,metro,98.0
AVENIDA DE AMERICA,PROSPERIDAD,metro,metro,126.0
AVENIDA DE AMERICA,REPUBLICA ARGENTINA,metro,metro,123.0
AVENIDA DE GUADALAJARA,LAS ROSAS,metro,metro,129.0
AVENIDA DE LA ILUSTRACION,LACOMA,metro,metro,88.5
AVENIDA DE LA ILUSTRACION,PEÑAGRANDE,metro,metro,70.5
AVIACION ESPAÑOLA,COLONIA JARDIN,metro,metro,220.5
AVIACION ESPAÑOLA,CUATRO VIENTOS,metro,metro,113.0
BAMBU,CHAMARTIN,metro,metro,126.5
BAMBU,PINAR DE CHAMARTIN,metro,metro,190.0
BANCO DE ESPAÑA,RETIRO,metro,metro,111.0
BANCO DE ESPAÑA,SEVILLA,metro,metro,68.0
BARRIO DE LA CONCEPCION,PARQUE DE LAS AVENIDAS,metro,metro,120.0
BARRIO DE LA CONCEPCION,PUEBLO NUEVO,metro,metro,126.0
BARRIO DEL PILAR,HERRERA ORIA,metro,metro,129.0
BARRIO DEL PILAR,VENTILLA,metro,metro,138.5
BARRIO DEL PUERTO,COSLADA CENTRAL,metro,metro,75.0
BARRIO DEL PUERTO,ESTADIO METROPOLITANO,metro,metro,316.5
BATAN,CASA DE CAMPO,metro,metro,109.0
BATAN,LAGO,metro,metro,219.0
BAUNATAL,MANUEL DE FALLA,metro,metro,96.0
BAUNATAL,REYES CATOLICOS,metro,metro,111.0
BEGOÑA,CHAMARTIN,metro,metro,120.0
BEGOÑA,FUENCARRAL,metro,metro,166.0
BILBAO,IGLESIA,metro,metro,111.0
BILBAO,SAN BERNARDO,metro,metro,62.5
BILBAO,TRIBUNAL,metro,metro,75.0
BUENOS AIRES,PORTAZGO,metro,metro,88.5
CALLAO,GRAN VIA,metro,metro,52.0
CALLAO,OPERA,metro,metro,76.0
CALLAO,PLAZA DE ESPAÑA,metro,metro,82.5
CALLAO,SOL,metro,metro,64.5
CAMPAMENTO,CASA DE CAMPO,metro,metro,184.0
CAMPAMENTO,EMPALME,metro,metro,69.0
CANAL,CUATRO CAMINOS,metro,metro,112.5
CANAL,ISLAS FILIPINAS,metro,metro,98.5
CANAL,QUEVEDO,metro,metro,105.5
CANILLAS,ESPERANZA,metro,metro,206.5
CANILLAS,MAR DE CRISTAL,metro,metro,101.0
CANILLEJAS,EL CAPRICHO,metro,metro,218.0
CANILLEJAS,TORRE ARIAS,metro,metro,153.0
CARABANCHEL,EUGENIA DE MONTIJO,metro,metro,90.0
CARABANCHEL,VISTA ALEGRE,metro,metro,96.0
CARABANCHEL ALTO,LA PESETA,metro,metro,126.5
CARABANCHEL ALTO,SAN FRANCISCO,metro,metro,156.5
CARPETANA,LAGUNA,metro,metro,97.5
CARPETANA,OPORTO,metro,metro,126.0
CARTAGENA,PARQUE DE LAS AVENIDAS,metro,metro,93.0
CASA DE CAMPO,COLONIA JARDIN,metro,metro,150.5
CASA DEL RELOJ,HOSPITAL SEVERO OCHOA,metro,metro,79.5
CASA DEL RELOJ,JULIAN BESTEIRO,metro,metro,121.0
CHAMARTIN,PLAZA DE CASTILLA,metro,metro,139.5
CHUECA,GRAN VIA,metro,metro,77.0
CIUDAD DE LOS ANGELES,SAN FERMIN-ORCASUR,metro,metro,165.0
CIUDAD DE LOS ANGELES,VILLAVERDE BAJO CRUCE,metro,metro,143.5
CIUDAD LINEAL,PUEBLO NUEVO,metro,metro,84.0
CIUDAD LINEAL,SUANZES,metro,metro,147.0
CIUDAD UNIVERSITARIA,MONCLOA,metro,metro,186.5
CIUDAD UNIVERSITARIA,VICENTE ALEIXANDRE,metro,metro,96.5
COLOMBIA,CONCHA ESPINA,metro,metro,97.0
COLOMBIA,NUEVOS MINISTERIOS,metro,metro,156.5
COLOMBIA,PINAR DEL REY,metro,metro,242.5
COLOMBIA,PIO XII,metro,metro,95.0
COLON,SERRANO,metro,metro,80.0
CONCHA ESPINA,CRUZ DEL RAYO,metro,metro,96.0
CONDE DE CASAL,PACIFICO,metro,metro,103.5
CONDE DE CASAL,SAINZ DE BARANDA,metro,metro,116.0
CONGOSTO,LA GAVIA,metro,metro,107.0
CONGOSTO,VILLA DE VALLECAS,metro,metro,125.5
COSLADA CENTRAL,LA RAMBLA,metro,metro,144.0
CUATRO CAMINOS,GUZMAN EL BUENO,metro,metro,105.0
CUATRO CAMINOS,NUEVOS MINISTERIOS,metro,metro,106.5
CUATRO CAMINOS,RIOS ROSAS,metro,metro,81.0
CUATRO VIENTOS,JOAQUIN VILUMBRALES,metro,metro,384.0
CUZCO,PLAZA DE CASTILLA,metro,metro,104.0
CUZCO,SANTIAGO BERNABEU,metro,metro,92.0
DELICIAS,LEGAZPI,metro,metro,112.5
DELICIAS,PALOS DE LA FRONTERA,metro,metro,71.0
DIEGO DE LEON,LISTA,metro,metro,90.0
DIEGO DE LEON,MANUEL BECERRA,metro,metro,105.0
DIEGO DE LEON,NUÑEZ DE BALBOA,metro,metro,103.0
DIEGO DE LEON,VENTAS,metro,metro,136.0
DUQUE DE PASTRANA,PIO XII,metro,metro,101.0
DUQUE DE PASTRANA,PLAZA DE CASTILLA,metro,metro,83.0
EL BERCIAL,EL CARRASCAL,metro,metro,132.0
EL BERCIAL,LOS ESPARTALES,metro,metro,107.0
EL CARMEN,QUINTANA,metro,metro,109.0
EL CARMEN,VENTAS,metro,metro,106.0
EL CARRASCAL,JULIAN BESTEIRO,metro,metro,93.0
EL CASAR,JUAN DE LA CIERVA,metro,metro,139.5
EL CASAR,LOS ESPARTALES,metro,metro,79.5
EMBAJADORES,LAVAPIES,metro,metro,66.5
EMBAJADORES,PALOS DE LA FRONTERA,metro,metro,113.0
ESTADIO METROPOLITANO,LAS MUSAS,metro,metro,123.0
ESTRECHO,TETUAN,metro,metro,120.0
ESTRELLA,SAINZ DE BARANDA,metro,metro,113.0
ESTRELLA,VINATEROS,metro,metro,121.0
FERIA DE MADRID,MAR DE CRISTAL,metro,metro,184.0
FRANCOS RODRIGUEZ,GUZMAN EL BUENO,metro,metro,147.0
FRANCOS RODRIGUEZ,VALDEZARZA,metro,metro,155.5
FUENCARRAL,TRES OLIVOS,metro,metro,80.0
FUENLABRADA CENTRAL,PARQUE DE LOS ESTADOS,metro,metro,115.0
FUENLABRADA CENTRAL,PARQUE EUROPA,metro,metro,72.0
GARCIA NOBLEJAS,SIMANCAS,metro,metro,105.5
GETAFE CENTRAL,JUAN DE LA CIERVA,metro,metro,112.0
GOYA,LISTA,metro,metro,91.0
GOYA,MANUEL BECERRA,metro,metro,93.5
GOYA,PRINCIPE DE VERGARA,metro,metro,62.5
GOYA,VELAZQUEZ,metro,metro,78.0
GRAN VIA,SOL,metro,metro,51.0
GRAN VIA,TRIBUNAL,metro,metro,109.0
GREGORIO MARAÑON,NUEVOS MINISTERIOS,metro,metro,100.0
GUZMAN EL BUENO,ISLAS FILIPINAS,metro,metro,189.5
GUZMAN EL BUENO,VICENTE ALEIXANDRE,metro,metro,90.0
HENARES,HOSPITAL DEL HENARES,metro,metro,75.0
HENARES,JARAMA,metro,metro,91.0
HERRERA ORIA,MIRASIERRA,metro,metro,160.5
HORTALEZA,MANOTERAS,metro,metro,171.5
HORTALEZA,PARQUE DE SANTA MARIA,metro,metro,110.5
HOSPITAL 12 DE OCTUBRE,SAN FERMIN-ORCASUR,metro,metro,87.5
HOSPITAL DE FUENLABRADA,LORANCA,metro,metro,202.5
HOSPITAL DE FUENLABRADA,PARQUE EUROPA,metro,metro,70.5
HOSPITAL DE MOSTOLES,MANUELA MALASAÑA,metro,metro,137.0
HOSPITAL DE MOSTOLES,PRADILLO,metro,metro,93.0
HOSPITAL INFANTA SOFIA,REYES CATOLICOS,metro,metro,143.0
HOSPITAL SEVERO OCHOA,LEGANES CENTRAL,metro,metro,100.0
IBIZA,PRINCIPE DE VERGARA,metro,metro,96.0
IBIZA,SAINZ DE BARANDA,metro,metro,128.5
IGLESIA,RIOS ROSAS,metro,metro,116.5
JARAMA,SAN FERNANDO,metro,metro,124.5
JOAQUIN VILUMBRALES,PUERTA DEL SUR,metro,metro,83.0
LA ALMUDENA,LA ELIPA,metro,metro,164.0
LA ELIPA,VENTAS,metro,metro,210.5
LA FORTUNA,LA PESETA,metro,metro,331.0
LA GAVIA,LAS SUERTES,metro,metro,214.5
LA GRANJA,LA MORALEJA,metro,metro,193.0
LA GRANJA,RONDA DE LA COMUNICACION,metro,metro,145.0
LA LATINA,OPERA,metro,metro,118.0
LA LATINA,PUERTA DE TOLEDO,metro,metro,90.0
LA MORALEJA,MARQUES DE LA VALDAVIA,metro,metro,140.0
LA POVEDA,RIVAS VACIAMADRID,metro,metro,290.5
LA RAMBLA,SAN FERNANDO,metro,metro,120.0
LAGO,PRINCIPE PIO,metro,metro,190.5
LAGUNA,LUCERO,metro,metro,110.0
LAS MUSAS,SAN BLAS,metro,metro,113.0
LAS SUERTES,VALDECARROS,metro,metro,102.0
LAS TABLAS,MONTECARMELO,metro,metro,322.0
LAS TABLAS,RONDA DE LA COMUNICACION,metro,metro,99.0
LAVAPIES,SOL,metro,metro,140.0
LEGANES CENTRAL,SAN NICASIO,metro,metro,97.0
LEGAZPI,USERA,metro,metro,138.5
LORANCA,MANUELA MALASAÑA,metro,metro,255.5
MANOTERAS,PINAR DE CHAMARTIN,metro,metro,97.0
MANUEL BECERRA,ODONNELL,metro,metro,86.0
MANUEL BECERRA,VENTAS,metro,metro,92.5
MANUEL DE FALLA,MARQUES DE LA VALDAVIA,metro,metro,165.0
MAR DE CRISTAL,PINAR DEL REY,metro,metro,73.0
MAR DE CRISTAL,SAN LORENZO,metro,metro,78.0
MARQUES DE VADILLO,PIRAMIDES,metro,metro,117.0
MARQUES DE VADILLO,URGEL,metro,metro,118.0
MENDEZ ALVARO,PACIFICO,metro,metro,121.0
MENENDEZ PELAYO,PACIFICO,metro,metro,84.5
MIGUEL HERNANDEZ,SIERRA DE GUADALUPE,metro,metro,209.0
MIRASIERRA,PACO DE LUCIA,metro,metro,199.0
MONTECARMELO,TRES OLIVOS,metro,metro,63.0
MOSTOLES CENTRAL,PRADILLO,metro,metro,66.0
MOSTOLES CENTRAL,UNIVERSIDAD REY JUAN CARLOS,metro,metro,112.0
NOVICIADO,SAN BERNARDO,metro,metro,93.0
NOVICIADO,SANTO DOMINGO,metro,metro,60.5
NUEVA NUMANCIA,PORTAZGO,metro,metro,90.5
NUEVA NUMANCIA,PUENTE DE VALLECAS,metro,metro,74.0
NUEVOS MINISTERIOS,REPUBLICA ARGENTINA,metro,metro,133.5
NUEVOS MINISTERIOS,SANTIAGO BERNABEU,metro,metro,92.0
NUÑEZ DE BALBOA,PRINCIPE DE VERGARA,metro,metro,109.5
NUÑEZ DE BALBOA,RUBEN DARIO,metro,metro,102.0
ODONNELL,SAINZ DE BARANDA,metro,metro,108.0
OPAÑEL,OPORTO,metro,metro,106.5
OPAÑEL,PLAZA ELIPTICA,metro,metro,98.0
OPERA,PRINCIPE PIO,metro,metro,185.0
OPERA,SANTO DOMINGO,metro,metro,64.5
OPERA,SOL,metro,metro,73.0
OPORTO,URGEL,metro,metro,102.0
OPORTO,VISTA ALEGRE,metro,metro,113.0
PACIFICO,PUENTE DE VALLECAS,metro,metro,111.5
PAN BENDITO,SAN FRANCISCO,metro,metro,88.0
PARQUE DE SANTA MARIA,SAN LORENZO,metro,metro,110.0
PARQUE LISBOA,PUERTA DEL SUR,metro,metro,77.0
PARQUE OESTE,UNIVERSIDAD REY JUAN CARLOS,metro,metro,231.5
PAVONES,VALDEBERNARDO,metro,metro,189.0
PLAZA DE CASTILLA,VALDEACEDERAS,metro,metro,81.0
PLAZA DE CASTILLA,VENTILLA,metro,metro,117.0
PLAZA DE ESPAÑA,PRINCIPE PIO,metro,metro,106.0
PLAZA DE ESPAÑA,TRIBUNAL,metro,metro,79.0
PLAZA DE ESPAÑA,VENTURA RODRIGUEZ,metro,metro,61.5
PLAZA ELIPTICA,USERA,metro,metro,134.5
PRINCIPE DE VERGARA,RETIRO,metro,metro,79.5
PRINCIPE PIO,PUERTA DEL ANGEL,metro,metro,161.5
PUEBLO NUEVO,QUINTANA,metro,metro,82.0
PUERTA DE ARGANDA,RIVAS URBANIZACIONES,metro,metro,383.5
PUERTA DE ARGANDA,SAN CIPRIANO,metro,metro,88.0
PUERTA DEL SUR,SAN NICASIO,metro,metro,302.0
QUEVEDO,SAN BERNARDO,metro,metro,42.0
RIVAS FUTURA,RIVAS URBANIZACIONES,metro,metro,233.5
RIVAS FUTURA,RIVAS VACIAMADRID,metro,metro,105.0
SAN BLAS,SIMANCAS,metro,metro,109.5
SAN CIPRIANO,VICALVARO,metro,metro,68.0
SAN CRISTOBAL,VILLAVERDE ALTO,metro,metro,247.0
SAN CRISTOBAL,VILLAVERDE BAJO CRUCE,metro,metro,153.5
SERRANO,VELAZQUEZ,metro,metro,58.5
SEVILLA,SOL,metro,metro,51.0
SIERRA DE GUADALUPE,VILLA DE VALLECAS,metro,metro,79.5
SOL,TIRSO DE MOLINA,metro,metro,106.5
SUANZES,TORRE ARIAS,metro,metro,119.0
TETUAN,VALDEACEDERAS,metro,metro,87.5
VALDEBERNARDO,VICALVARO,metro,metro,187.0
ABRANTES,OPAÑEL,urban,urban,202.47822222222223
ABRANTES,OPORTO,urban,urban,255.24562737642583
ABRANTES,PAN BENDITO,urban,urban,265.18554396423247
ABRANTES,PLAZA ELIPTICA,urban,urban,174.34194214876032
ACACIAS,EMBAJADORES,urban,urban,135.1377037807839
ACACIAS,LEGAZPI,urban,urban,781.7833037300178
ACACIAS,PIRAMIDES,urban,urban,122.44591679506934
ACACIAS,PUERTA DE TOLEDO,urban,urban,142.89623865110246
AEROPUERTO T-4,AEROPUERTO T1-T2-T3,urban,urban,693.9974446337309
AEROPUERTO T1-T2-T3,ALAMEDA DE OSUNA,urban,urban,518.7939110070257
AEROPUERTO T1-T2-T3,BARAJAS,urban,urban,415.9906323185012
AEROPUERTO T1-T2-T3,CANILLEJAS,urban,urban,558.9842931937172
AEROPUERTO T1-T2-T3,ODONNELL,urban,urban,1467.7004991680533
ALAMEDA DE OSUNA,BARAJAS,urban,urban,748.5806451612904
ALAMEDA DE OSUNA,CANILLEJAS,urban,urban,794.5849056603773
ALAMEDA DE OSUNA,EL CAPRICHO,urban,urban,191.6872473355384
ALAMEDA DE OSUNA,FERIA DE MADRID,urban,urban,1119.1039260969976
ALFONSO XIII,AVENIDA DE LA PAZ,urban,urban,270.0726511981742
ALFONSO XIII,CARTAGENA,urban,urban,368.0840707964602
ALFONSO XIII,CONCHA ESPINA,urban,urban,310.36806342015853
ALFONSO XIII,PARQUE DE LAS AVENIDAS,urban,urban,464.5871794871794
ALFONSO XIII,PROSPERIDAD,urban,urban,208.17844827586208
ALMENDRALES,HOSPITAL 12 DE OCTUBRE,urban,urban,326.9330992098332
ALMENDRALES,LEGAZPI,urban,urban,281.27707740273826
ALMENDRALES,SAN FERMIN-ORCASUR,urban,urban,1928.59797979798
ALMENDRALES,USERA,urban,urban,191.5782828282828
ALONSO CANO,CANAL,urban,urban,141.00728155339806
ALONSO CANO,GREGORIO MARAÑON,urban,urban,183.1300448430493
ALONSO CANO,IGLESIA,urban,urban,170.53168044077134
ALONSO CANO,NUEVOS MINISTERIOS,urban,urban,301.963133640553
ALONSO CANO,RIOS ROSAS,urban,urban,86.49104618284638
ALONSO MARTINEZ,BILBAO,urban,urban,219.434635793536
ALONSO MARTINEZ,CHUECA,urban,urban,164.95437956204378
ALONSO MARTINEZ,COLON,urban,urban,131.29232111692843
ALONSO MARTINEZ,IGLESIA,urban,urban,223.41884816753927
ALONSO MARTINEZ,RUBEN DARIO,urban,urban,191.7582644628099
ALSACIA,AVENIDA DE GUADALAJARA,urban,urban,232.09711406321577
ALSACIA,GARCIA NOBLEJAS,urban,urban,296.4089635854341
ALSACIA,LA ALMUDENA,urban,urban,367.2803571428572
ALSACIA,ODONNELL,urban,urban,829.6750392464678
ALSACIA,PAVONES,urban,urban,687.1947791164658
ALSACIA,SAN BLAS,urban,urban,293.25992779783394
ALSACIA,SIMANCAS,urban,urban,234.4027134348113
ALTO DE EXTREMADURA,BATAN,urban,urban,541.5172413793103
ALTO DE EXTREMADURA,LUCERO,urban,urban,228.7147806004619
ALTO DE EXTREMADURA,PUERTA DEL ANGEL,urban,urban,280.8478260869565
ALTO DEL ARENAL,BUENOS AIRES,urban,urban,291.513969910961
ALTO DEL ARENAL,MIGUEL HERNANDEZ,urban,urban,204.1933962264151
ALTO DEL ARENAL,PAVONES,urban,urban,443.9471007121058
ALTO DEL ARENAL,PORTAZGO,urban,urban,1348.2337917485263
ALUCHE,AVIACION ESPAÑOLA,urban,urban,927.7204007285976
ALUCHE,CAMPAMENTO,urban,urban,331.581589958159
ALUCHE,CARABANCHEL ALTO,urban,urban,552.7610976594027
ALUCHE,CARPETANA,urban,urban,914.5842696629212
ALUCHE,CASA DE CAMPO,urban,urban,549.2403846153846
ALUCHE,EMPALME,urban,urban,245.38311688311688
ALUCHE,EUGENIA DE MONTIJO,urban,urban,392.14866863905326
ALUCHE,LA PESETA,urban,urban,959.4655172413792
ALUCHE,LUCERO,urban,urban,821.8069620253165
ALVARADO,CUATRO CAMINOS,urban,urban,133.12602662135373
ALVARADO,ESTRECHO,urban,urban,149.46302546793495
ALVARADO,FRANCOS RODRIGUEZ,urban,urban,309.2960893854749
ALVARADO,GUZMAN EL BUENO,urban,urban,56.56603773584906
ANTON MARTIN,ESTACION DEL ARTE,urban,urban,210.9216274089936
ANTON MARTIN,SEVILLA,urban,urban,301.6725663716814
ANTON MARTIN,TIRSO DE MOLINA,urban,urban,162.6264800861141
ANTONIO MACHADO,FRANCOS RODRIGUEZ,urban,urban,676.0
ANTONIO MACHADO,PEÑAGRANDE,urban,urban,197.05726573110005
ANTONIO MACHADO,VALDEACEDERAS,urban,urban,573.9156862745098
ANTONIO MACHADO,VALDEZARZA,urban,urban,335.36877206747744
ANTONIO MACHADO,VENTILLA,urban,urban,441.7178502879079
ARGANZUELA-PLANETARIO,LEGAZPI,urban,urban,276.23353293413174
ARGANZUELA-PLANETARIO,MENDEZ ALVARO,urban,urban,318.9033361847733
ARGÜELLES,CANAL,urban,urban,281.48285714285714
ARGÜELLES,ISLAS FILIPINAS,urban,urban,332.1482558139535
ARGÜELLES,MONCLOA,urban,urban,213.94945677846007
ARGÜELLES,QUEVEDO,urban,urban,313.6938775510204
ARGÜELLES,SAN BERNARDO,urban,urban,308.03306727480043
ARGÜELLES,VENTURA RODRIGUEZ,urban,urban,187.49062908615429
ARROYOFRESNO,CIUDAD UNIVERSITARIA,urban,urban,1963.9336870026525
ARROYOFRESNO,LACOMA,urban,urban,516.2197802197802
ARROYOFRESNO,MIRASIERRA,urban,urban,261.94477911646584
ARROYOFRESNO,PACO DE LUCIA,urban,urban,402.6072874493927
ARROYOFRESNO,PITIS,urban,urban,106.01669520547944
ARTILLEROS,PAVONES,urban,urban,561.3987359954036
ARTILLEROS,VINATEROS,urban,urban,434.80494110887673
ARTURO SORIA,AVENIDA DE LA PAZ,urban,urban,205.04780876494024
ARTURO SORIA,BARRIO DE LA CONCEPCION,urban,urban,512.3661016949153
ARTURO SORIA,CIUDAD LINEAL,urban,urban,616.4942084942085
ARTURO SORIA,COLOMBIA,urban,urban,706.7420289855072
ARTURO SORIA,ESPERANZA,urban,urban,319.1487263763353
ARTURO SORIA,PINAR DEL REY,urban,urban,419.9012605042017
ARTURO SORIA,PIO XII,urban,urban,600.9227799227799
ASCAO,GARCIA NOBLEJAS,urban,urban,255.00174367916304
ASCAO,LA ALMUDENA,urban,urban,299.7814371257485
ASCAO,LA ELIPA,urban,urban,247.99738448125544
ASCAO,PUEBLO NUEVO,urban,urban,262.2814371257485
ATOCHA,BANCO DE ESPAÑA,urban,urban,204.9582463465553
ATOCHA,ESTACION DEL ARTE,urban,urban,168.89536751080914
ATOCHA,MENDEZ ALVARO,urban,urban,401.5223214285714
ATOCHA,MENENDEZ PELAYO,urban,urban,229.7188355670846
ATOCHA,PALOS DE LA FRONTERA,urban,urban,227.32239583333333
ATOCHA,RETIRO,urban,urban,427.13006396588486
AVENIDA DE AMERICA,CANILLEJAS,urban,urban,975.6782538399352
AVENIDA DE AMERICA,CARTAGENA,urban,urban,135.3081570996979
AVENIDA DE AMERICA,CRUZ DEL RAYO,urban,urban,204.0655737704918
AVENIDA DE AMERICA,DIEGO DE LEON,urban,urban,176.32835164835166
AVENIDA DE AMERICA,GREGORIO MARAÑON,urban,urban,434.2601809954752
AVENIDA DE AMERICA,NUÑEZ DE BALBOA,urban,urban,222.87610993657503
AVENIDA DE AMERICA,PARQUE DE LAS AVENIDAS,urban,urban,377.4298245614035
AVENIDA DE AMERICA,REPUBLICA ARGENTINA,urban,urban,284.2944312796209
AVENIDA DE AMERICA,RUBEN DARIO,urban,urban,267.2
AVENIDA DE GUADALAJARA,LAS ROSAS,urban,urban,221.5778347213325
AVENIDA DE GUADALAJARA,SAN BLAS,urban,urban,212.3374613003096
AVENIDA DE GUADALAJARA,VICALVARO,urban,urban,613.4751728472659
AVENIDA DE LA ILUSTRACION,CIUDAD UNIVERSITARIA,urban,urban,1487.7414733969986
AVENIDA DE LA ILUSTRACION,HERRERA ORIA,urban,urban,291.4020650813517
AVENIDA DE LA ILUSTRACION,LACOMA,urban,urban,284.65834633385333
AVENIDA DE LA ILUSTRACION,MIRASIERRA,urban,urban,281.06689342403627
AVENIDA DE LA ILUSTRACION,PEÑAGRANDE,urban,urban,211.41794310722105
AVENIDA DE LA ILUSTRACION,VALDEZARZA,urban,urban,980.9430485762144
AVENIDA DE LA PAZ,BARRIO DE LA CONCEPCION,urban,urban,525.0914634146342
AVENIDA DE LA PAZ,COLOMBIA,urban,urban,391.675572519084
AVIACION ESPAÑOLA,CAMPAMENTO,urban,urban,408.4769736842105
AVIACION ESPAÑOLA,CARABANCHEL ALTO,urban,urban,1000.8724035608308
AVIACION ESPAÑOLA,CUATRO VIENTOS,urban,urban,230.60217983651225
BAMBU,DUQUE DE PASTRANA,urban,urban,259.26427196921105
BAMBU,PINAR DE CHAMARTIN,urban,urban,464.34296724470136
BANCO DE ESPAÑA,CHUECA,urban,urban,364.12
BANCO DE ESPAÑA,COLON,urban,urban,257.5803642121932
BANCO DE ESPAÑA,ESTACION DEL ARTE,urban,urban,339.1388632467361
BANCO DE ESPAÑA,GRAN VIA,urban,urban,182.52237654320987
BANCO DE ESPAÑA,ODONNELL,urban,urban,243.5873544093178
BANCO DE ESPAÑA,RETIRO,urban,urban,173.08709917971663
BANCO DE ESPAÑA,SEVILLA,urban,urban,172.8268244575937
BARRIO DE LA CONCEPCION,EL CARMEN,urban,urban,274.1619318181818
BARRIO DE LA CONCEPCION,PARQUE DE LAS AVENIDAS,urban,urban,291.40802675585286
BARRIO DE LA CONCEPCION,PUEBLO NUEVO,urban,urban,136.44520547945206
BARRIO DE LA CONCEPCION,QUINTANA,urban,urban,146.04269662921348
BARRIO DEL PILAR,BEGOÑA,urban,urban,378.1726508785332
BARRIO DEL PILAR,CHAMARTIN,urban,urban,539.5038363171356
BARRIO DEL PILAR,HERRERA ORIA,urban,urban,175.7355516637478
BARRIO DEL PILAR,PEÑAGRANDE,urban,urban,318.95197856554
BARRIO DEL PILAR,VENTILLA,urban,urban,212.34158415841583
BATAN,CASA DE CAMPO,urban,urban,218.54019908116385
BATAN,LUCERO,urban,urban,165.04219204655675
BEGOÑA,CHAMARTIN,urban,urban,197.4337468005513
BEGOÑA,FUENCARRAL,urban,urban,659.9806094182826
BEGOÑA,HERRERA ORIA,urban,urban,346.4864457831325
BEGOÑA,LAS TABLAS,urban,urban,1392.613368283093
BEGOÑA,PACO DE LUCIA,urban,urban,767.7137254901961
BEGOÑA,PLAZA DE CASTILLA,urban,urban,313.16
BEGOÑA,TRES OLIVOS,urban,urban,927.0372549019608
BILBAO,IGLESIA,urban,urban,203.70440251572327
BILBAO,QUEVEDO,urban,urban,126.86105675146771
BILBAO,SAN BERNARDO,urban,urban,108.03249097472924
BILBAO,TRIBUNAL,urban,urban,145.34555555555556
BUENOS AIRES,CONDE DE CASAL,urban,urban,910.1677740863788
BUENOS AIRES,NUEVA NUMANCIA,urban,urban,1023.7467811158798
BUENOS AIRES,PORTAZGO,urban,urban,139.905461393597
CALLAO,GRAN VIA,urban,urban,80.26428852975955
CALLAO,NOVICIADO,urban,urban,162.29375
CALLAO,PLAZA DE ESPAÑA,urban,urban,228.4570446735395
CALLAO,SANTO DOMINGO,urban,urban,95.32224565958136
CALLAO,TRIBUNAL,urban,urban,96.7125
CAMPAMENTO,CASA DE CAMPO,urban,urban,358.8533145275035
CAMPAMENTO,COLONIA JARDIN,urban,urban,253.7692307692308
CAMPAMENTO,EMPALME,urban,urban,165.44433688286543
CANAL,IGLESIA,urban,urban,156.04761904761904
CANAL,ISLAS FILIPINAS,urban,urban,230.26136363636363
CANAL,QUEVEDO,urban,urban,229.6374549819928
CANAL,RIOS ROSAS,urban,urban,147.67110266159696
CANILLAS,CANILLEJAS,urban,urban,793.6635071090047
CANILLAS,ESPERANZA,urban,urban,299.0434782608696
CANILLAS,FERIA DE MADRID,urban,urban,627.9162264150943
CANILLAS,MAR DE CRISTAL,urban,urban,276.5510355029586
CANILLAS,TORRE ARIAS,urban,urban,1085.120930232558
CANILLEJAS,EL CAPRICHO,urban,urban,281.7630544637844
CANILLEJAS,LAS MUSAS,urban,urban,600.0
CANILLEJAS,PARQUE DE LAS AVENIDAS,urban,urban,1098.0278207109736
CANILLEJAS,TORRE ARIAS,urban,urban,281.3463925523662
CARABANCHEL,CARABANCHEL ALTO,urban,urban,520.4601769911504
CARABANCHEL,CARPETANA,urban,urban,216.3707250341997
CARABANCHEL,EUGENIA DE MONTIJO,urban,urban,211.6446821152704
CARABANCHEL,VISTA ALEGRE,urban,urban,157.24399690162664
CARABANCHEL ALTO,EUGENIA DE MONTIJO,urban,urban,442.0451527224436
CARABANCHEL ALTO,LA PESETA,urban,urban,669.9938388625592
CARABANCHEL ALTO,SAN FRANCISCO,urban,urban,317.7472952086553
CARABANCHEL ALTO,VISTA ALEGRE,urban,urban,662.2358208955224
CARPETANA,EMPALME,urban,urban,511.3167701863354
CARPETANA,EUGENIA DE MONTIJO,urban,urban,432.5521327014218
CARPETANA,LAGUNA,urban,urban,164.92137776113816
CARPETANA,OPORTO,urban,urban,287.0232018561485
CARPETANA,PIRAMIDES,urban,urban,864.6391862955032
CARPETANA,PUERTA DEL ANGEL,urban,urban,994.8310626702996
CARPETANA,VISTA ALEGRE,urban,urban,121.33124018838303
CARTAGENA,DIEGO DE LEON,urban,urban,308.4552380952381
CARTAGENA,PARQUE DE LAS AVENIDAS,urban,urban,159.99655963302752
CARTAGENA,PROSPERIDAD,urban,urban,265.33714285714285
CASA DE CAMPO,EMPALME,urban,urban,569.9004329004329
CASA DE CAMPO,LAGUNA,urban,urban,516.3160714285714
CASA DE CAMPO,LUCERO,urban,urban,208.38888888888889
CHAMARTIN,PLAZA DE CASTILLA,urban,urban,188.60315040650408
CHUECA,COLON,urban,urban,68.9047619047619
CIUDAD DE LOS ANGELES,SAN FERMIN-ORCASUR,urban,urban,389.03646144650327
CIUDAD DE LOS ANGELES,VILLAVERDE BAJO CRUCE,urban,urban,359.5421398684997
CIUDAD LINEAL,GARCIA NOBLEJAS,urban,urban,284.66139347021203
CIUDAD LINEAL,PUEBLO NUEVO,urban,urban,208.6549636803874
CIUDAD LINEAL,QUINTANA,urban,urban,298.171679197995
CIUDAD LINEAL,SUANZES,urban,urban,234.0934278350516
CIUDAD UNIVERSITARIA,ISLAS FILIPINAS,urban,urban,365.0966514459665
CIUDAD UNIVERSITARIA,MONCLOA,urban,urban,280.75198216055503
CIUDAD UNIVERSITARIA,PRINCIPE PIO,urban,urban,1009.375515818432
CIUDAD UNIVERSITARIA,VICENTE ALEIXANDRE,urban,urban,316.44647696476966
COLOMBIA,CONCHA ESPINA,urban,urban,229.262112234228
COLOMBIA,CUZCO,urban,urban,349.6864463924477
COLOMBIA,MANOTERAS,urban,urban,1314.1694214876034
COLOMBIA,PINAR DEL REY,urban,urban,762.468085106383
COLOMBIA,PIO XII,urban,urban,182.11967213114755
COLOMBIA,SANTIAGO BERNABEU,urban,urban,382.1310116086236
COLON,RUBEN DARIO,urban,urban,237.07192575406032
COLON,SERRANO,urban,urban,166.4738202973497
COLON,VELAZQUEZ,urban,urban,117.93396226415096
COLONIA JARDIN,EMPALME,urban,urban,184.23044397463
CONCHA ESPINA,CRUZ DEL RAYO,urban,urban,161.44868585732166
CONCHA ESPINA,REPUBLICA ARGENTINA,urban,urban,324.8514851485148
CONCHA ESPINA,SANTIAGO BERNABEU,urban,urban,376.9297848244621
CONDE DE CASAL,ESTRELLA,urban,urban,433.56216216216217
CONDE DE CASAL,LA GAVIA,urban,urban,1608.4904013961605
CONDE DE CASAL,MENENDEZ PELAYO,urban,urban,247.1358284272497
CONDE DE CASAL,PACIFICO,urban,urban,170.65121951219513
CONDE DE CASAL,SAINZ DE BARANDA,urban,urban,299.8639308855292
CONDE DE CASAL,SIERRA DE GUADALUPE,urban,urban,1244.9961977186313
CONDE DE CASAL,VILLA DE VALLECAS,urban,urban,1803.9646464646464
CONGOSTO,LA GAVIA,urban,urban,540.3988764044943
CONGOSTO,SIERRA DE GUADALUPE,urban,urban,329.3404255319149
CONGOSTO,VILLA DE VALLECAS,urban,urban,344.0792610250298
CRUZ DEL RAYO,PROSPERIDAD,urban,urban,140.39224137931035
CRUZ DEL RAYO,REPUBLICA ARGENTINA,urban,urban,155.0865224625624
CUATRO CAMINOS,GUZMAN EL BUENO,urban,urban,185.3203368683718
CUATRO CAMINOS,NUEVOS MINISTERIOS,urban,urban,290.8194233687405
CUATRO CAMINOS,RIOS ROSAS,urban,urban,175.12109542148053
CUZCO,PLAZA DE CASTILLA,urban,urban,258.501155624037
CUZCO,SANTIAGO BERNABEU,urban,urban,255.0615926088869
CUZCO,TETUAN,urban,urban,205.6797520661157
CUZCO,VALDEACEDERAS,urban,urban,285.25396825396825
DELICIAS,EMBAJADORES,urban,urban,262.7744488411532
DELICIAS,LEGAZPI,urban,urban,285.6827177808945
DELICIAS,MENDEZ ALVARO,urban,urban,409.1782945736434
DELICIAS,PALOS DE LA FRONTERA,urban,urban,121.00517672259907
DELICIAS,PLAZA ELIPTICA,urban,urban,813.5632183908046
DELICIAS,USERA,urban,urban,389.09027777777777
DIEGO DE LEON,LISTA,urban,urban,226.4348484848485
DIEGO DE LEON,MANUEL BECERRA,urban,urban,229.3377933757403
DIEGO DE LEON,NUÑEZ DE BALBOA,urban,urban,190.2974203338392
DIEGO DE LEON,PARQUE DE LAS AVENIDAS,urban,urban,314.6889312977099
DIEGO DE LEON,VENTAS,urban,urban,182.52243589743588
DUQUE DE PASTRANA,PIO XII,urban,urban,170.84231274638634
DUQUE DE PASTRANA,PLAZA DE CASTILLA,urban,urban,268.61254425897823
EL CARMEN,LA ELIPA,urban,urban,402.41039156626505
EL CARMEN,PARQUE DE LAS AVENIDAS,urban,urban,170.3574297188755
EL CARMEN,PUEBLO NUEVO,urban,urban,308.0860655737705
EL CARMEN,QUINTANA,urban,urban,205.88209121245828
EL CARMEN,VENTAS,urban,urban,198.65501634397788
EMBAJADORES,LAVAPIES,urban,urban,111.40550029256876
EMBAJADORES,PIRAMIDES,urban,urban,184.84031413612564
EMPALME,LAGUNA,urban,urban,432.4168937329701
ESPERANZA,PINAR DEL REY,urban,urban,85.2156862745098
ESTACION DEL ARTE,LAVAPIES,urban,urban,200.58422126501927
ESTACION DEL ARTE,MENENDEZ PELAYO,urban,urban,384.4139194139194
ESTACION DEL ARTE,PALOS DE LA FRONTERA,urban,urban,196.1850977023835
ESTACION DEL ARTE,RETIRO,urban,urban,221.76939655172413
ESTACION DEL ARTE,SEVILLA,urban,urban,246.76
ESTACION DEL ARTE,USERA,urban,urban,683.5966666666667
ESTADIO METROPOLITANO,LAS MUSAS,urban,urban,197.86709367493995
ESTADIO METROPOLITANO,LAS ROSAS,urban,urban,236.81652661064425
ESTRECHO,FRANCOS RODRIGUEZ,urban,urban,303.6474901297236
ESTRECHO,SANTIAGO BERNABEU,urban,urban,336.1897435897436
ESTRECHO,TETUAN,urban,urban,211.72735804786484
ESTRELLA,ODONNELL,urban,urban,627.0723905723905
ESTRELLA,PUENTE DE VALLECAS,urban,urban,453.9011627906977
ESTRELLA,SAINZ DE BARANDA,urban,urban,318.1356832448093
ESTRELLA,VINATEROS,urban,urban,200.70079950799507
FERIA DE MADRID,MAR DE CRISTAL,urban,urban,553.3166666666667
FERIA DE MADRID,SUANZES,urban,urban,750.9037037037037
FRANCOS RODRIGUEZ,GUZMAN EL BUENO,urban,urban,471.3638743455497
FRANCOS RODRIGUEZ,VALDEZARZA,urban,urban,335.50158931977114
FRANCOS RODRIGUEZ,VICENTE ALEIXANDRE,urban,urban,404.2078313253012
FUENCARRAL,HERRERA ORIA,urban,urban,476.22546012269936
FUENCARRAL,LAS TABLAS,urban,urban,940.6674311926604
FUENCARRAL,MONTECARMELO,urban,urban,452.0808080808081
FUENCARRAL,PACO DE LUCIA,urban,urban,343.32684824902725
FUENCARRAL,TRES OLIVOS,urban,urban,210.04117647058823
GARCIA NOBLEJAS,LA ALMUDENA,urban,urban,276.4011976047904
GARCIA NOBLEJAS,SIMANCAS,urban,urban,151.24098211579266
GARCIA NOBLEJAS,SUANZES,urban,urban,405.4191343963553
GOYA,IBIZA,urban,urban,225.0921337503007
GOYA,LISTA,urban,urban,211.3242424242424
GOYA,MANUEL BECERRA,urban,urban,226.2171985815603
GOYA,ODONNELL,urban,urban,203.3457364341085
GOYA,PRINCIPE DE VERGARA,urban,urban,114.81608292759542
GRAN VIA,SEVILLA,urban,urban,67.25998573466477
GRAN VIA,TRIBUNAL,urban,urban,261.49068322981367
GREGORIO MARAÑON,IGLESIA,urban,urban,184.31068560840023
GREGORIO MARAÑON,NUEVOS MINISTERIOS,urban,urban,265.09603561585755
GREGORIO MARAÑON,REPUBLICA ARGENTINA,urban,urban,209.7153110047847
GREGORIO MARAÑON,RIOS ROSAS,urban,urban,405.6520947176685
GREGORIO MARAÑON,RUBEN DARIO,urban,urban,178.9736111111111
GUZMAN EL BUENO,ISLAS FILIPINAS,urban,urban,291.3732057416268
GUZMAN EL BUENO,VICENTE ALEIXANDRE,urban,urban,275.5154994259472
HERRERA ORIA,PACO DE LUCIA,urban,urban,445.9272349272349
HORTALEZA,LAS TABLAS,urban,urban,1870.2551724137927
HORTALEZA,MANOTERAS,urban,urban,312.9829443447037
HORTALEZA,PARQUE DE SANTA MARIA,urban,urban,190.3747790218032
HORTALEZA,PINAR DEL REY,urban,urban,124.80716368179924
HOSPITAL 12 DE OCTUBRE,PAN BENDITO,urban,urban,1143.0809523809523
HOSPITAL 12 DE OCTUBRE,SAN FERMIN-ORCASUR,urban,urban,127.09351821992904
HOSPITAL 12 DE OCTUBRE,USERA,urban,urban,1156.855
IBIZA,MENENDEZ PELAYO,urban,urban,498.14891179839634
IBIZA,PRINCIPE DE VERGARA,urban,urban,94.5442957297642
IBIZA,SAINZ DE BARANDA,urban,urban,312.3868464052288
IGLESIA,QUEVEDO,urban,urban,118.23289665211064
IGLESIA,RUBEN DARIO,urban,urban,159.29612756264237
ISLAS FILIPINAS,MONCLOA,urban,urban,140.81585623678646
ISLAS FILIPINAS,QUEVEDO,urban,urban,339.38023450586263
ISLAS FILIPINAS,VICENTE ALEIXANDRE,urban,urban,301.51505376344085
LA ALMUDENA,LA ELIPA,urban,urban,274.28218465539663
LA ALMUDENA,SIMANCAS,urban,urban,252.70103092783503
LA ELIPA,ODONNELL,urban,urban,511.76317383404
LA ELIPA,PUEBLO NUEVO,urban,urban,455.6578947368421
LA ELIPA,QUINTANA,urban,urban,296.32267441860466
LA ELIPA,VINATEROS,urban,urban,689.862973760933
LA GAVIA,LAS SUERTES,urban,urban,354.4863813229572
LA LATINA,LAVAPIES,urban,urban,239.587786259542
LA LATINA,MARQUES DE VADILLO,urban,urban,1173.6487455197132
LA LATINA,OPERA,urban,urban,139.4136690647482
LA LATINA,PUERTA DE TOLEDO,urban,urban,186.82049291674755
LA LATINA,PUERTA DEL ANGEL,urban,urban,450.12817483756646
LA LATINA,SOL,urban,urban,131.3010752688172
LA LATINA,TIRSO DE MOLINA,urban,urban,125.7225988700565
LA PESETA,PAN BENDITO,urban,urban,843.7746710526316
LA PESETA,SAN FRANCISCO,urban,urban,718.7629310344828
LACOMA,MIRASIERRA,urban,urban,321.98111658456486
LAGUNA,LUCERO,urban,urban,239.14853556485355
LAGUNA,PUERTA DEL ANGEL,urban,urban,903.4341736694678
LAS MUSAS,LAS ROSAS,urban,urban,273.21372965322007
LAS MUSAS,SAN BLAS,urban,urban,333.88381099922543
LAS MUSAS,SUANZES,urban,urban,443.061403508772
LAS MUSAS,TORRE ARIAS,urban,urban,491.62260010970925
LAS SUERTES,VALDECARROS,urban,urban,215.4171206225681
LAS TABLAS,MONTECARMELO,urban,urban,995.1313131313132
LAS TABLAS,RONDA DE LA COMUNICACION,urban,urban,229.3817427385892
LAVAPIES,PALOS DE LA FRONTERA,urban,urban,177.5978021978022
LAVAPIES,TIRSO DE MOLINA,urban,urban,449.7846153846154
LEGAZPI,MARQUES DE VADILLO,urban,urban,441.1862567811935
LEGAZPI,MENDEZ ALVARO,urban,urban,447.8418803418804
LEGAZPI,PIRAMIDES,urban,urban,611.347280334728
LEGAZPI,USERA,urban,urban,98.92753623188406
LISTA,MANUEL BECERRA,urban,urban,142.39009900990098
LISTA,NUÑEZ DE BALBOA,urban,urban,146.8089108910891
LUCERO,PUERTA DEL ANGEL,urban,urban,637.8758700696055
MANOTERAS,PINAR DE CHAMARTIN,urban,urban,240.6340782122905
MANOTERAS,PIO XII,urban,urban,492.82295988934993
MANUEL BECERRA,ODONNELL,urban,urban,182.4097434690516
MANUEL BECERRA,VENTAS,urban,urban,194.5047364085667
MAR DE CRISTAL,PINAR DEL REY,urban,urban,218.8023690773068
MAR DE CRISTAL,SAN LORENZO,urban,urban,305.0400843881857
MARQUES DE VADILLO,PIRAMIDES,urban,urban,348.48923385077615
MARQUES DE VADILLO,PLAZA ELIPTICA,urban,urban,415.5083333333333
MARQUES DE VADILLO,PUERTA DEL ANGEL,urban,urban,798.3076923076923
MARQUES DE VADILLO,URGEL,urban,urban,203.04935543278089
MARQUES DE VADILLO,USERA,urban,urban,400.6885245901639
MENDEZ ALVARO,MENENDEZ PELAYO,urban,urban,418.7865497076023
MENDEZ ALVARO,PACIFICO,urban,urban,318.87142857142857
MENDEZ ALVARO,PUENTE DE VALLECAS,urban,urban,338.5247446975648
MENENDEZ PELAYO,PACIFICO,urban,urban,188.8602502979737
MENENDEZ PELAYO,PALOS DE LA FRONTERA,urban,urban,207.5313531353136
MIGUEL HERNANDEZ,SIERRA DE GUADALUPE,urban,urban,475.28296146044624
MIRASIERRA,PACO DE LUCIA,urban,urban,243.5505341002465
MIRASIERRA,PITIS,urban,urban,439.8813131313131
MONTECARMELO,PACO DE LUCIA,urban,urban,402.08774038461536
NOVICIADO,PLAZA DE ESPAÑA,urban,urban,73.85403726708074
NOVICIADO,SAN BERNARDO,urban,urban,148.34803001876173
NOVICIADO,SANTO DOMINGO,urban,urban,125.0750469043152
NOVICIADO,TRIBUNAL,urban,urban,291.30864197530866
NUEVA NUMANCIA,PORTAZGO,urban,urban,165.1083916083916
NUEVA NUMANCIA,PUENTE DE VALLECAS,urban,urban,225.7408346783491
NUEVOS MINISTERIOS,REPUBLICA ARGENTINA,urban,urban,210.5336605890603
NUEVOS MINISTERIOS,RIOS ROSAS,urban,urban,180.6471663619744
NUEVOS MINISTERIOS,SANTIAGO BERNABEU,urban,urban,162.07399495047582
NUÑEZ DE BALBOA,PRINCIPE DE VERGARA,urban,urban,269.13094245204337
NUÑEZ DE BALBOA,RUBEN DARIO,urban,urban,295.12144702842374
NUÑEZ DE BALBOA,VELAZQUEZ,urban,urban,257.7897252090801
ODONNELL,PAVONES,urban,urban,1055.217987804878
ODONNELL,SAINZ DE BARANDA,urban,urban,219.26185819070903
ODONNELL,VICALVARO,urban,urban,1037.6814641744547
OPAÑEL,OPORTO,urban,urban,235.7527301092044
OPAÑEL,PLAZA ELIPTICA,urban,urban,143.352279455299
OPERA,PLAZA DE ESPAÑA,urban,urban,310.4289985052317
OPERA,PUERTA DE TOLEDO,urban,urban,453.6729323308271
OPORTO,URGEL,urban,urban,260.71381215469614
OPORTO,VISTA ALEGRE,urban,urban,195.7724259832081
PACIFICO,PUENTE DE VALLECAS,urban,urban,206.91019567456232
PACO DE LUCIA,PITIS,urban,urban,404.3467741935484
PALOS DE LA FRONTERA,PLAZA ELIPTICA,urban,urban,857.4239631336405
PAN BENDITO,PLAZA ELIPTICA,urban,urban,730.948275862069
PAN BENDITO,SAN FERMIN-ORCASUR,urban,urban,1109.055944055944
PAN BENDITO,SAN FRANCISCO,urban,urban,182.9829619921363
PARQUE DE LAS AVENIDAS,VENTAS,urban,urban,298.8360552763819
PARQUE DE SANTA MARIA,SAN LORENZO,urban,urban,168.22099447513813
PAVONES,VALDEBERNARDO,urban,urban,389.4571070757671
PAVONES,VICALVARO,urban,urban,743.0571428571428
PINAR DE CHAMARTIN,PIO XII,urban,urban,825.4454072790295
PIRAMIDES,PUERTA DE TOLEDO,urban,urban,140.9641216991963
PIRAMIDES,PUERTA DEL ANGEL,urban,urban,685.0504774897681
PLAZA DE CASTILLA,VALDEACEDERAS,urban,urban,207.85189112760693
PLAZA DE CASTILLA,VENTILLA,urban,urban,356.35042735042737
PLAZA DE ESPAÑA,PRINCIPE PIO,urban,urban,304.3315282791817
PLAZA DE ESPAÑA,SANTO DOMINGO,urban,urban,131.73433770883054
PLAZA DE ESPAÑA,VENTURA RODRIGUEZ,urban,urban,142.75367124585503
PLAZA ELIPTICA,SAN FERMIN-ORCASUR,urban,urban,1179.208121827411
PLAZA ELIPTICA,USERA,urban,urban,284.1967821782178
PRINCIPE DE VERGARA,RETIRO,urban,urban,211.35260770975057
PRINCIPE DE VERGARA,SERRANO,urban,urban,115.1012987012987
PRINCIPE DE VERGARA,VELAZQUEZ,urban,urban,91.68339768339769
PRINCIPE PIO,PUERTA DEL ANGEL,urban,urban,273.0629161882893
PUENTE DE VALLECAS,VINATEROS,urban,urban,697.0933333333334
PUERTA DE ARGANDA,SAN CIPRIANO,urban,urban,156.8020235165436
PUERTA DE ARGANDA,VICALVARO,urban,urban,564.6730158730159
PUERTA DE TOLEDO,PUERTA DEL ANGEL,urban,urban,448.010752688172
REPUBLICA ARGENTINA,RUBEN DARIO,urban,urban,491.86692015209127
RETIRO,SERRANO,urban,urban,210.8324225865209
RETIRO,VELAZQUEZ,urban,urban,255.8494897959184
RUBEN DARIO,SERRANO,urban,urban,205.6909532483303
SAN BERNARDO,VENTURA RODRIGUEZ,urban,urban,124.38275862068966
SAN BLAS,SIMANCAS,urban,urban,145.42846270928462
SAN CIPRIANO,VALDEBERNARDO,urban,urban,957.7173447537472
SAN CIPRIANO,VICALVARO,urban,urban,98.68452173913045
SAN CRISTOBAL,VILLAVERDE ALTO,urban,urban,714.169014084507
SAN CRISTOBAL,VILLAVERDE BAJO CRUCE,urban,urban,327.26598984771573
SAN FERMIN-ORCASUR,USERA,urban,urban,871.5
SERRANO,VELAZQUEZ,urban,urban,115.12998712998711
SEVILLA,SOL,urban,urban,193.62
SIERRA DE GUADALUPE,VALDEBERNARDO,urban,urban,527.4201680672269
SIERRA DE GUADALUPE,VILLA DE VALLECAS,urban,urban,103.17693315858452
SIERRA DE GUADALUPE,VILLAVERDE BAJO CRUCE,urban,urban,1935.96918767507
SIMANCAS,TORRE ARIAS,urban,urban,474.06789413118526
SOL,TIRSO DE MOLINA,urban,urban,243.4402173913044
SUANZES,TORRE ARIAS,urban,urban,222.2551103843009
TETUAN,VALDEACEDERAS,urban,urban,90.72964574269731
VALDEACEDERAS,VENTILLA,urban,urban,138.57773512476007
VALDEBERNARDO,VICALVARO,urban,urban,411.3193277310924
VILLAVERDE ALTO,VILLAVERDE BAJO CRUCE,urban,urban,795.71875
ABRANTES,OPAÑEL,interurban,interurban,93.58894645941278
ABRANTES,PAN BENDITO,interurban,interurban,117.43868739205529
AEROPUERTO T-4,BARAJAS,interurban,interurban,135.23214285714286
AEROPUERTO T-4,FERIA DE MADRID,interurban,interurban,644.4
AEROPUERTO T-4,MANUEL DE FALLA,interurban,interurban,1192.327868852459
AEROPUERTO T-4,MARQUES DE LA VALDAVIA,interurban,interurban,446.3057851239669
AEROPUERTO T1-T2-T3,COSLADA CENTRAL,interurban,interurban,1209.7
ALAMEDA DE OSUNA,BARAJAS,interurban,interurban,240.0802792321117
ALAMEDA DE OSUNA,CANILLEJAS,interurban,interurban,289.99650959860384
ALCORCON CENTRAL,CUATRO VIENTOS,interurban,interurban,950.685628742515
ALCORCON CENTRAL,MOSTOLES CENTRAL,interurban,interurban,1079.1418439716313
ALCORCON CENTRAL,PARQUE LISBOA,interurban,interurban,255.18431689571543
ALCORCON CENTRAL,PARQUE OESTE,interurban,interurban,397.51063829787233
ALCORCON CENTRAL,PRADILLO,interurban,interurban,1482.4888888888888
ALMENDRALES,HOSPITAL 12 DE OCTUBRE,interurban,interurban,194.7586206896552
ALMENDRALES,LEGAZPI,interurban,interurban,118.10794602698653
ALONSO DE MENDOZA,CONSERVATORIO,interurban,interurban,369.16953125
ALONSO DE MENDOZA,GETAFE CENTRAL,interurban,interurban,403.1289198606272
ALONSO DE MENDOZA,JUAN DE LA CIERVA,interurban,interurban,666.3862275449102
ALSACIA,AVENIDA DE GUADALAJARA,interurban,interurban,287.6061320754717
ALSACIA,SIMANCAS,interurban,interurban,132.11764705882354
ALSACIA,VICALVARO,interurban,interurban,482.11764705882354
ALUCHE,CARABANCHEL ALTO,interurban,interurban,262.264895908112
ALUCHE,EMPALME,interurban,interurban,147.66682134570766
ALUCHE,LA FORTUNA,interurban,interurban,613.9061371841156
ARGANDA DEL REY,LA POVEDA,interurban,interurban,86.83257918552036
ARGANDA DEL REY,PAVONES,interurban,interurban,1181.8947368421052
ARGANDA DEL REY,RIVAS VACIAMADRID,interurban,interurban,560.25
ARROYO CULEBRO,CONSERVATORIO,interurban,interurban,541.6810344827586
ATOCHA,PLAZA ELIPTICA,interurban,interurban,238.56716417910448
AVENIDA DE AMERICA,CANILLEJAS,interurban,interurban,642.4235897435898
AVENIDA DE AMERICA,CARTAGENA,interurban,interurban,63.61830357142857
AVENIDA DE AMERICA,PARQUE DE LAS AVENIDAS,interurban,interurban,109.75
AVENIDA DE GUADALAJARA,VICALVARO,interurban,interurban,505.8679245283019
AVENIDA DE LA ILUSTRACION,HERRERA ORIA,interurban,interurban,191.4333333333333
AVIACION ESPAÑOLA,CAMPAMENTO,interurban,interurban,314.0769230769231
AVIACION ESPAÑOLA,COLONIA JARDIN,interurban,interurban,260.53846153846155
AVIACION ESPAÑOLA,CUATRO VIENTOS,interurban,interurban,161.82692307692307
BAMBU,CHAMARTIN,interurban,interurban,94.83505154639175
BAMBU,MARQUES DE LA VALDAVIA,interurban,interurban,1272.5729166666667
BAMBU,PINAR DE CHAMARTIN,interurban,interurban,200.5394736842105
BARAJAS,CANILLEJAS,interurban,interurban,0.0
BARRIO DEL PUERTO,COSLADA CENTRAL,interurban,interurban,208.9954128440367
BARRIO DEL PUERTO,ESTADIO METROPOLITANO,interurban,interurban,800.023598820059
BARRIO DEL PUERTO,PUERTA DE ARGANDA,interurban,interurban,957.3842794759826
BAUNATAL,BEGOÑA,interurban,interurban,1291.0
BAUNATAL,HOSPITAL INFANTA SOFIA,interurban,interurban,957.818181818182
BAUNATAL,LA MORALEJA,interurban,interurban,449.4375
BAUNATAL,MANUEL DE FALLA,interurban,interurban,239.8647058823529
BAUNATAL,MARQUES DE LA VALDAVIA,interurban,interurban,421.0411522633745
BAUNATAL,REYES CATOLICOS,interurban,interurban,598.5249042145593
BEGOÑA,CHAMARTIN,interurban,interurban,196.92380952380952
BEGOÑA,FUENCARRAL,interurban,interurban,279.7142857142857
BEGOÑA,HERRERA ORIA,interurban,interurban,368.4
BEGOÑA,HOSPITAL INFANTA SOFIA,interurban,interurban,1238.3676470588234
BEGOÑA,LA MORALEJA,interurban,interurban,1003.1111111111112
BEGOÑA,MARQUES DE LA VALDAVIA,interurban,interurban,1222.0723076923075
BEGOÑA,PLAZA DE CASTILLA,interurban,interurban,264.1586762834111
BEGOÑA,RONDA DE LA COMUNICACION,interurban,interurban,834.2543554006969
BEGOÑA,TRES OLIVOS,interurban,interurban,146.7058823529412
CAMPAMENTO,COLONIA JARDIN,interurban,interurban,282.484496124031
CAMPAMENTO,CUATRO VIENTOS,interurban,interurban,233.04225352112675
CAMPAMENTO,EMPALME,interurban,interurban,134.26644736842104
CAMPAMENTO,PRINCIPE PIO,interurban,interurban,471.7722772277228
CANILLEJAS,EL CAPRICHO,interurban,interurban,103.241186345831
CANILLEJAS,FERIA DE MADRID,interurban,interurban,441.2266666666667
CANILLEJAS,JARAMA,interurban,interurban,1151.8961538461538
CANILLEJAS,PARQUE DE LAS AVENIDAS,interurban,interurban,532.4730176211453
CANILLEJAS,SAN FERNANDO,interurban,interurban,1358.153488372093
CARABANCHEL,EUGENIA DE MONTIJO,interurban,interurban,143.2348623853211
CARABANCHEL,VISTA ALEGRE,interurban,interurban,82.4165137614679
CARABANCHEL ALTO,EUGENIA DE MONTIJO,interurban,interurban,270.76330275229355
CARABANCHEL ALTO,LA FORTUNA,interurban,interurban,700.2118055555555
CARABANCHEL ALTO,LA PESETA,interurban,interurban,138.58988764044943
CARABANCHEL ALTO,SAN FRANCISCO,interurban,interurban,134.52654867256638
CARTAGENA,PARQUE DE LAS AVENIDAS,interurban,interurban,55.973214285714285
CASA DEL RELOJ,EL CARRASCAL,interurban,interurban,1571.2554744525548
CASA DEL RELOJ,GETAFE CENTRAL,interurban,interurban,693.5169628432957
CASA DEL RELOJ,HOSPITAL SEVERO OCHOA,interurban,interurban,127.99241410084784
CASA DEL RELOJ,JULIAN BESTEIRO,interurban,interurban,215.59804847340257
CASA DEL RELOJ,LEGANES CENTRAL,interurban,interurban,199.6601941747573
CASA DEL RELOJ,SAN NICASIO,interurban,interurban,454.2322834645669
CHAMARTIN,FUENCARRAL,interurban,interurban,457.0
CHAMARTIN,PLAZA DE CASTILLA,interurban,interurban,202.7835051546392
CIUDAD DE LOS ANGELES,SAN FERMIN-ORCASUR,interurban,interurban,180.98050974512745
CIUDAD DE LOS ANGELES,VILLAVERDE BAJO CRUCE,interurban,interurban,256.2503748125937
CIUDAD LINEAL,GARCIA NOBLEJAS,interurban,interurban,243.3086330935252
CIUDAD UNIVERSITARIA,MONCLOA,interurban,interurban,141.36968510941114
COLONIA JARDIN,EMPALME,interurban,interurban,141.4279939363315
CONSERVATORIO,DELICIAS,interurban,interurban,945.1875
CONSERVATORIO,GETAFE CENTRAL,interurban,interurban,983.5394736842104
CONSERVATORIO,PARQUE DE LOS ESTADOS,interurban,interurban,1211.8181818181818
CONSERVATORIO,PLAZA ELIPTICA,interurban,interurban,1608.0464190981431
COSLADA CENTRAL,LA RAMBLA,interurban,interurban,396.4506892895016
COSLADA CENTRAL,SAN FERNANDO,interurban,interurban,807.1666666666666
CUATRO VIENTOS,HOSPITAL DE MOSTOLES,interurban,interurban,1376.0
CUATRO VIENTOS,JOAQUIN VILUMBRALES,interurban,interurban,786.2119565217391
CUATRO VIENTOS,MANUELA MALASAÑA,interurban,interurban,1635.3333333333333
CUATRO VIENTOS,MOSTOLES CENTRAL,interurban,interurban,1245.6133231240428
CUATRO VIENTOS,PARQUE LISBOA,interurban,interurban,808.8194622279129
CUATRO VIENTOS,PRADILLO,interurban,interurban,1660.5943204868154
DELICIAS,ESTACION DEL ARTE,interurban,interurban,86.54545454545455
DELICIAS,GETAFE CENTRAL,interurban,interurban,4380.0
DELICIAS,JUAN DE LA CIERVA,interurban,interurban,1866.1666666666667
DELICIAS,USERA,interurban,interurban,188.63888888888889
EL BERCIAL,EL CARRASCAL,interurban,interurban,350.67857142857144
EL BERCIAL,GETAFE CENTRAL,interurban,interurban,1102.1503759398497
EL BERCIAL,JUAN DE LA CIERVA,interurban,interurban,462.431906614786
EL BERCIAL,LOS ESPARTALES,interurban,interurban,425.0486618004866
EL BERCIAL,PLAZA ELIPTICA,interurban,interurban,1274.4615384615386
EL CAPRICHO,SAN FERNANDO,interurban,interurban,1244.0387811634348
EL CARRASCAL,JUAN DE LA CIERVA,interurban,interurban,1215.125
EL CARRASCAL,JULIAN BESTEIRO,interurban,interurban,569.7779690189328
EL CARRASCAL,LA FORTUNA,interurban,interurban,514.0
EL CARRASCAL,PAN BENDITO,interurban,interurban,973.6991150442478
EL CARRASCAL,VILLAVERDE ALTO,interurban,interurban,835.4375
EL CASAR,GETAFE CENTRAL,interurban,interurban,555.3333333333334
EL CASAR,JUAN DE LA CIERVA,interurban,interurban,460.7669902912621
EL CASAR,LOS ESPARTALES,interurban,interurban,169.9616564417178
EL CASAR,SAN CRISTOBAL,interurban,interurban,1531.9851485148515
ESTACION DEL ARTE,PALOS DE LA FRONTERA,interurban,interurban,129.52631578947367
ESTACION DEL ARTE,USERA,interurban,interurban,398.7105263157895
ESTACION DEL ARTE,VILLAVERDE BAJO CRUCE,interurban,interurban,960.0
ESTADIO METROPOLITANO,LAS MUSAS,interurban,interurban,158.3259587020649
FUENCARRAL,LA GRANJA,interurban,interurban,947.0
FUENCARRAL,RONDA DE LA COMUNICACION,interurban,interurban,610.0
FUENLABRADA CENTRAL,HOSPITAL SEVERO OCHOA,interurban,interurban,719.512
FUENLABRADA CENTRAL,PARQUE DE LOS ESTADOS,interurban,interurban,162.56275303643724
FUENLABRADA CENTRAL,PARQUE EUROPA,interurban,interurban,149.572498298162
GARCIA NOBLEJAS,SIMANCAS,interurban,interurban,74.09928057553957
GETAFE CENTRAL,JUAN DE LA CIERVA,interurban,interurban,320.5288540807914
GETAFE CENTRAL,LOS ESPARTALES,interurban,interurban,547.6564102564103
GETAFE CENTRAL,PLAZA ELIPTICA,interurban,interurban,1023.4111842105264
HENARES,HOSPITAL DEL HENARES,interurban,interurban,101.75036496350366
HENARES,JARAMA,interurban,interurban,73.74629080118694
HENARES,LA POVEDA,interurban,interurban,2974.4615384615386
HOSPITAL 12 DE OCTUBRE,SAN FERMIN-ORCASUR,interurban,interurban,184.808095952024
HOSPITAL DE FUENLABRADA,PARQUE EUROPA,interurban,interurban,89.60606060606061
HOSPITAL DE MOSTOLES,MANUELA MALASAÑA,interurban,interurban,125.77342314758114
HOSPITAL DE MOSTOLES,MOSTOLES CENTRAL,interurban,interurban,167.27941176470588
HOSPITAL DE MOSTOLES,PARQUE EUROPA,interurban,interurban,10418.148148148148
HOSPITAL DE MOSTOLES,PRADILLO,interurban,interurban,2453.032071840924
HOSPITAL DE MOSTOLES,UNIVERSIDAD REY JUAN CARLOS,interurban,interurban,464.7856459330144
HOSPITAL DEL HENARES,JARAMA,interurban,interurban,81.97313432835821
HOSPITAL DEL HENARES,LA RAMBLA,interurban,interurban,346.88235294117646
HOSPITAL DEL HENARES,SAN FERNANDO,interurban,interurban,126.72514619883042
HOSPITAL INFANTA SOFIA,LA MORALEJA,interurban,interurban,261.2708333333333
HOSPITAL INFANTA SOFIA,REYES CATOLICOS,interurban,interurban,228.59468438538207
HOSPITAL SEVERO OCHOA,LEGANES CENTRAL,interurban,interurban,141.14004376367615
HOSPITAL SEVERO OCHOA,PARQUE DE LOS ESTADOS,interurban,interurban,685.5680421422301
HOSPITAL SEVERO OCHOA,PARQUE EUROPA,interurban,interurban,655.656
JARAMA,SAN FERNANDO,interurban,interurban,216.0066319279962
JOAQUIN VILUMBRALES,PARQUE LISBOA,interurban,interurban,630.6816091954023
JOAQUIN VILUMBRALES,PUERTA DEL SUR,interurban,interurban,241.71395348837208
JUAN DE LA CIERVA,LOS ESPARTALES,interurban,interurban,406.81736526946105
JUAN DE LA CIERVA,PLAZA ELIPTICA,interurban,interurban,1613.578431372549
JULIAN BESTEIRO,LA FORTUNA,interurban,interurban,668.813063063063
JULIAN BESTEIRO,LA PESETA,interurban,interurban,520.6580056179776
JULIAN BESTEIRO,PAN BENDITO,interurban,interurban,790.7003293084523
JULIAN BESTEIRO,SAN NICASIO,interurban,interurban,516.1115879828326
LA FORTUNA,PAN BENDITO,interurban,interurban,344.3529411764706
LA FORTUNA,SAN NICASIO,interurban,interurban,678.6636690647482
LA GRANJA,LA MORALEJA,interurban,interurban,179.3181818181818
LA GRANJA,MANUEL DE FALLA,interurban,interurban,934.25
LA GRANJA,MARQUES DE LA VALDAVIA,interurban,interurban,349.0060606060606
LA GRANJA,RONDA DE LA COMUNICACION,interurban,interurban,279.20444444444445
LA MORALEJA,MANUEL DE FALLA,interurban,interurban,876.7034482758621
LA MORALEJA,MARQUES DE LA VALDAVIA,interurban,interurban,395.2699822380106
LA MORALEJA,PINAR DE CHAMARTIN,interurban,interurban,1409.7894736842106
LA MORALEJA,PLAZA DE CASTILLA,interurban,interurban,219.0
LA MORALEJA,REYES CATOLICOS,interurban,interurban,283.9030172413793
LA MORALEJA,RONDA DE LA COMUNICACION,interurban,interurban,633.0
LA RAMBLA,SAN FERNANDO,interurban,interurban,362.9915611814346
LAS MUSAS,SIMANCAS,interurban,interurban,469.8952802359882
LEGANES CENTRAL,PARQUE DE LOS ESTADOS,interurban,interurban,490.8235294117647
LEGANES CENTRAL,SAN NICASIO,interurban,interurban,438.6108108108108
LORANCA,PARQUE EUROPA,interurban,interurban,529.228
LORANCA,PRADILLO,interurban,interurban,1489.5
LOS ESPARTALES,PLAZA ELIPTICA,interurban,interurban,1323.3691860465117
LOS ESPARTALES,VILLAVERDE ALTO,interurban,interurban,697.1481481481482
MANUEL DE FALLA,MARQUES DE LA VALDAVIA,interurban,interurban,351.32980599647266
MANUELA MALASAÑA,MOSTOLES CENTRAL,interurban,interurban,1141.0
MANUELA MALASAÑA,PRADILLO,interurban,interurban,181.8628841607565
MARQUES DE LA VALDAVIA,PINAR DE CHAMARTIN,interurban,interurban,1382.5263157894738
MARQUES DE LA VALDAVIA,PLAZA DE CASTILLA,interurban,interurban,813.0
MARQUES DE LA VALDAVIA,REYES CATOLICOS,interurban,interurban,286.2671755725191
MONCLOA,PRINCIPE PIO,interurban,interurban,417.3
MOSTOLES CENTRAL,PRADILLO,interurban,interurban,1980.9469334493256
MOSTOLES CENTRAL,UNIVERSIDAD REY JUAN CARLOS,interurban,interurban,293.3226427196921
OPAÑEL,OPORTO,interurban,interurban,99.31433506044904
OPORTO,VISTA ALEGRE,interurban,interurban,226.75229357798165
PALOS DE LA FRONTERA,USERA,interurban,interurban,330.13157894736844
PAN BENDITO,PLAZA ELIPTICA,interurban,interurban,147.810888252149
PAN BENDITO,SAN FRANCISCO,interurban,interurban,29.10619469026549
PARQUE EUROPA,PRADILLO,interurban,interurban,1445.150442477876
PARQUE LISBOA,PUERTA DEL SUR,interurban,interurban,198.83501006036207
PAVONES,RIVAS VACIAMADRID,interurban,interurban,1194.529411764706
PLAZA DE CASTILLA,REYES CATOLICOS,interurban,interurban,1883.0
PLAZA ELIPTICA,USERA,interurban,interurban,80.07142857142857
PUERTA DE ARGANDA,SAN CIPRIANO,interurban,interurban,160.8995633187773
PUERTA DEL SUR,SAN NICASIO,interurban,interurban,882.7345844504022
RIVAS FUTURA,RIVAS URBANIZACIONES,interurban,interurban,1349.4915254237287
RIVAS FUTURA,RIVAS VACIAMADRID,interurban,interurban,960.0
SAN CIPRIANO,VICALVARO,interurban,interurban,71.30131004366812
SAN CRISTOBAL,VILLAVERDE BAJO CRUCE,interurban,interurban,193.86633663366337
VILLAVERDE ALTO,VILLAVERDE BAJO CRUCE,interurban,interurban,702.8937823834196
ABRANTES,ABRANTES,interurban,metro,134.36130621334638
AEROPUERTO T-4,AEROPUERTO T-4,interurban,metro,27.265055624340192
AEROPUERTO T1-T2-T3,AEROPUERTO T1-T2-T3,interurban,metro,116.01843246213836
ALAMEDA DE OSUNA,ALAMEDA DE OSUNA,interurban,metro,402.57410391161545
ALCORCON CENTRAL,ALCORCON CENTRAL,interurban,metro,189.17287780196185
ALMENDRALES,ALMENDRALES,interurban,metro,262.622938514957
ALONSO DE MENDOZA,ALONSO DE MENDOZA,interurban,metro,184.7763177070723
ALSACIA,ALSACIA,interurban,metro,115.43710182038384
ALUCHE,ALUCHE,interurban,metro,193.4293829488669
ARGANDA DEL REY,ARGANDA DEL REY,interurban,metro,298.34784328047266
ARROYO CULEBRO,ARROYO CULEBRO,interurban,metro,235.0362209646504
ATOCHA,ATOCHA,interurban,metro,79.61752016872775
AVENIDA DE AMERICA,AVENIDA DE AMERICA,interurban,metro,31.300313276928943
AVENIDA DE GUADALAJARA,AVENIDA DE GUADALAJARA,interurban,metro,200.79843942312672
AVENIDA DE LA ILUSTRACION,AVENIDA DE LA ILUSTRACION,interurban,metro,217.98225317529472
AVIACION ESPAÑOLA,AVIACION ESPAÑOLA,interurban,metro,141.87695620161165
BAMBU,BAMBU,interurban,metro,244.3987387848063
BARAJAS,BARAJAS,interurban,metro,136.47794202901866
BARRIO DEL PUERTO,BARRIO DEL PUERTO,interurban,metro,243.62439972198172
BATAN,BATAN,interurban,metro,243.8256002153655
BAUNATAL,BAUNATAL,interurban,metro,280.4903309055206
BEGOÑA,BEGOÑA,interurban,metro,165.26845064864685
CAMPAMENTO,CAMPAMENTO,interurban,metro,89.27180118956689
CANILLEJAS,CANILLEJAS,interurban,metro,141.44463406277964
CARABANCHEL,CARABANCHEL,interurban,metro,134.0285965796496
CARABANCHEL ALTO,CARABANCHEL ALTO,interurban,metro,218.0189363743622
CARTAGENA,CARTAGENA,interurban,metro,142.89031931703988
CASA DEL RELOJ,CASA DEL RELOJ,interurban,metro,225.0363462969644
CHAMARTIN,CHAMARTIN,interurban,metro,150.00937673151944
CIUDAD DE LOS ANGELES,CIUDAD DE LOS ANGELES,interurban,metro,152.53496766973146
CIUDAD LINEAL,CIUDAD LINEAL,interurban,metro,115.48335061742334
CIUDAD UNIVERSITARIA,CIUDAD UNIVERSITARIA,interurban,metro,279.72967233741
COLONIA JARDIN,COLONIA JARDIN,interurban,metro,224.4885233581686
CONDE DE CASAL,CONDE DE CASAL,interurban,metro,127.98668684548385
CONSERVATORIO,CONSERVATORIO,interurban,metro,309.60619412218534
COSLADA CENTRAL,COSLADA CENTRAL,interurban,metro,266.5384582646837
CUATRO VIENTOS,CUATRO VIENTOS,interurban,metro,148.65501912364692
DELICIAS,DELICIAS,interurban,metro,307.5669573124923
EL BERCIAL,EL BERCIAL,interurban,metro,218.30980279379327
EL CAPRICHO,EL CAPRICHO,interurban,metro,296.1542241607268
EL CARRASCAL,EL CARRASCAL,interurban,metro,236.0484694435413
EL CASAR,EL CASAR,interurban,metro,270.305371751906
EMPALME,EMPALME,interurban,metro,152.0213756605216
ESTACION DEL ARTE,ESTACION DEL ARTE,interurban,metro,155.3012063069392
ESTADIO METROPOLITANO,ESTADIO METROPOLITANO,interurban,metro,136.71465876323475
EUGENIA DE MONTIJO,EUGENIA DE MONTIJO,interurban,metro,253.81292549872867
FERIA DE MADRID,FERIA DE MADRID,interurban,metro,200.28368237241028
FUENCARRAL,FUENCARRAL,interurban,metro,311.47882702236984
FUENLABRADA CENTRAL,FUENLABRADA CENTRAL,interurban,metro,282.34280263726606
GARCIA NOBLEJAS,GARCIA NOBLEJAS,interurban,metro,210.9810823126824
GETAFE CENTRAL,GETAFE CENTRAL,interurban,metro,285.4244499732674
HENARES,HENARES,interurban,metro,166.47464117173024
HERRERA ORIA,HERRERA ORIA,interurban,metro,103.60065281691767
HOSPITAL 12 DE OCTUBRE,HOSPITAL 12 DE OCTUBRE,interurban,metro,141.27207468677193
HOSPITAL DE FUENLABRADA,HOSPITAL DE FUENLABRADA,interurban,metro,90.06671898207387
HOSPITAL DE MOSTOLES,HOSPITAL DE MOSTOLES,interurban,metro,291.58734295230585
HOSPITAL DEL HENARES,HOSPITAL DEL HENARES,interurban,metro,231.3622899906955
HOSPITAL INFANTA SOFIA,HOSPITAL INFANTA SOFIA,interurban,metro,241.08729527032708
HOSPITAL SEVERO OCHOA,HOSPITAL SEVERO OCHOA,interurban,metro,237.6704285831013
JARAMA,JARAMA,interurban,metro,279.5898088823887
JOAQUIN VILUMBRALES,JOAQUIN VILUMBRALES,interurban,metro,217.42524481214383
JUAN DE LA CIERVA,JUAN DE LA CIERVA,interurban,metro,268.21721068898603
JULIAN BESTEIRO,JULIAN BESTEIRO,interurban,metro,269.56105219542576
LA FORTUNA,LA FORTUNA,interurban,metro,236.0334214049286
LA GRANJA,LA GRANJA,interurban,metro,271.9188345028276
LA MORALEJA,LA MORALEJA,interurban,metro,232.3959551878484
LA PESETA,LA PESETA,interurban,metro,268.7598456078937
LA POVEDA,LA POVEDA,interurban,metro,288.84192930077734
LA RAMBLA,LA RAMBLA,interurban,metro,256.67658571348045
LAS MUSAS,LAS MUSAS,interurban,metro,265.0885283460425
LEGANES CENTRAL,LEGANES CENTRAL,interurban,metro,213.9013085549132
LEGAZPI,LEGAZPI,interurban,metro,59.55856535370136
LORANCA,LORANCA,interurban,metro,264.2778141166575
LOS ESPARTALES,LOS ESPARTALES,interurban,metro,252.17980472048384
LUCERO,LUCERO,interurban,metro,222.7785351046139
MANUEL DE FALLA,MANUEL DE FALLA,interurban,metro,252.1650498447381
MANUELA MALASAÑA,MANUELA MALASAÑA,interurban,metro,303.085412643425
MARQUES DE LA VALDAVIA,MARQUES DE LA VALDAVIA,interurban,metro,231.17636761610976
MENDEZ ALVARO,MENDEZ ALVARO,interurban,metro,98.29960338108532
MONCLOA,MONCLOA,interurban,metro,132.72082383503562
MOSTOLES CENTRAL,MOSTOLES CENTRAL,interurban,metro,258.96406093493204
OPAÑEL,OPAÑEL,interurban,metro,123.2456187457487
OPORTO,OPORTO,interurban,metro,95.64432766283193
PALOS DE LA FRONTERA,PALOS DE LA FRONTERA,interurban,metro,39.71970618742412
PAN BENDITO,PAN BENDITO,interurban,metro,127.70175657137511
PARQUE DE LAS AVENIDAS,PARQUE DE LAS AVENIDAS,interurban,metro,328.9842919085429
PARQUE DE LOS ESTADOS,PARQUE DE LOS ESTADOS,interurban,metro,277.4834456453995
PARQUE EUROPA,PARQUE EUROPA,interurban,metro,261.8248275412234
PARQUE LISBOA,PARQUE LISBOA,interurban,metro,249.6515293184501
PARQUE OESTE,PARQUE OESTE,interurban,metro,188.119866838778
PAVONES,PAVONES,interurban,metro,123.31178745062569
PINAR DE CHAMARTIN,PINAR DE CHAMARTIN,interurban,metro,227.4827765620191
PLAZA DE CASTILLA,PLAZA DE CASTILLA,interurban,metro,77.87989651500973
PLAZA ELIPTICA,PLAZA ELIPTICA,interurban,metro,54.41313907011942
PRADILLO,PRADILLO,interurban,metro,317.2134806061921
PRINCIPE PIO,PRINCIPE PIO,interurban,metro,54.24009737973885
PUERTA DE ARGANDA,PUERTA DE ARGANDA,interurban,metro,187.3829686500856
PUERTA DEL SUR,PUERTA DEL SUR,interurban,metro,212.89475665150783
REYES CATOLICOS,REYES CATOLICOS,interurban,metro,272.9491331216533
RIVAS FUTURA,RIVAS FUTURA,interurban,metro,292.6228938146799
RIVAS URBANIZACIONES,RIVAS URBANIZACIONES,interurban,metro,243.5703428944315
RIVAS VACIAMADRID,RIVAS VACIAMADRID,interurban,metro,227.8955251886493
RONDA DE LA COMUNICACION,RONDA DE LA COMUNICACION,interurban,metro,302.9218709115105
SAN CIPRIANO,SAN CIPRIANO,interurban,metro,163.52280537922525
SAN CRISTOBAL,SAN CRISTOBAL,interurban,metro,33.51990651614794
SAN FERMIN-ORCASUR,SAN FERMIN-ORCASUR,interurban,metro,26.95421403406409
SAN FERNANDO,SAN FERNANDO,interurban,metro,275.1687582276328
SAN FRANCISCO,SAN FRANCISCO,interurban,metro,100.10053326722966
SAN NICASIO,SAN NICASIO,interurban,metro,250.33911914669343
SIERRA DE GUADALUPE,SIERRA DE GUADALUPE,interurban,metro,124.87073283282488
SIMANCAS,SIMANCAS,interurban,metro,345.791406093759
TRES OLIVOS,TRES OLIVOS,interurban,metro,295.86851007891534
UNIVERSIDAD REY JUAN CARLOS,UNIVERSIDAD REY JUAN CARLOS,interurban,metro,255.92690213860035
USERA,USERA,interurban,metro,386.87599919989
VICALVARO,VICALVARO,interurban,metro,183.89787481968725
VILLAVERDE ALTO,VILLAVERDE ALTO,interurban,metro,235.38856432395605
VILLAVERDE BAJO CRUCE,VILLAVERDE BAJO CRUCE,interurban,metro,187.6517535091191
VISTA ALEGRE,VISTA ALEGRE,interurban,metro,119.05435926277252
ABRANTES,ABRANTES,urban,metro,213.6364594358396
ACACIAS,ACACIAS,urban,metro,167.2063983144883
AEROPUERTO T-4,AEROPUERTO T-4,urban,metro,37.942167693544064
AEROPUERTO T1-T2-T3,AEROPUERTO T1-T2-T3,urban,metro,229.0053410535743
ALAMEDA DE OSUNA,ALAMEDA DE OSUNA,urban,metro,263.2723476193797
ALFONSO XIII,ALFONSO XIII,urban,metro,204.3045263976608
ALMENDRALES,ALMENDRALES,urban,metro,228.3602782881082
ALONSO CANO,ALONSO CANO,urban,metro,152.8535404021943
ALONSO MARTINEZ,ALONSO MARTINEZ,urban,metro,103.0901070832622
ALSACIA,ALSACIA,urban,metro,212.4125137050401
ALTO DE EXTREMADURA,ALTO DE EXTREMADURA,urban,metro,177.67912681267373
ALTO DEL ARENAL,ALTO DEL ARENAL,urban,metro,274.7794554673844
ALUCHE,ALUCHE,urban,metro,188.59936489184264
ALVARADO,ALVARADO,urban,metro,150.0465179246622
ANTON MARTIN,ANTON MARTIN,urban,metro,121.0113121054134
ANTONIO MACHADO,ANTONIO MACHADO,urban,metro,265.78540155186266
ARGANZUELA-PLANETARIO,ARGANZUELA-PLANETARIO,urban,metro,312.4340007140356
ARGÜELLES,ARGÜELLES,urban,metro,197.0799257372155
ARROYOFRESNO,ARROYOFRESNO,urban,metro,244.75815866126763
ARTILLEROS,ARTILLEROS,urban,metro,257.55173251540265
ARTURO SORIA,ARTURO SORIA,urban,metro,207.14558007548612
ASCAO,ASCAO,urban,metro,189.29519312884355
ATOCHA,ATOCHA,urban,metro,121.4400869733379
AVENIDA DE AMERICA,AVENIDA DE AMERICA,urban,metro,163.8822398656759
AVENIDA DE GUADALAJARA,AVENIDA DE GUADALAJARA,urban,metro,188.918605260482
AVENIDA DE LA ILUSTRACION,AVENIDA DE LA ILUSTRACION,urban,metro,236.58757941189856
AVENIDA DE LA PAZ,AVENIDA DE LA PAZ,urban,metro,237.1424426954671
AVIACION ESPAÑOLA,AVIACION ESPAÑOLA,urban,metro,237.61268807574533
BAMBU,BAMBU,urban,metro,252.74726743224605
BANCO DE ESPAÑA,BANCO DE ESPAÑA,urban,metro,139.29993816903945
BARAJAS,BARAJAS,urban,metro,274.9377968886472
BARRIO DE LA CONCEPCION,BARRIO DE LA CONCEPCION,urban,metro,268.6538009025216
BARRIO DEL PILAR,BARRIO DEL PILAR,urban,metro,245.6737988176208
BATAN,BATAN,urban,metro,194.10805677518903
BEGOÑA,BEGOÑA,urban,metro,250.47923096008748
BILBAO,BILBAO,urban,metro,107.08721019728095
BUENOS AIRES,BUENOS AIRES,urban,metro,213.11086385624623
CALLAO,CALLAO,urban,metro,111.86847381410486
CAMPAMENTO,CAMPAMENTO,urban,metro,184.54221038977016
CANAL,CANAL,urban,metro,172.63724148036306
CANILLAS,CANILLAS,urban,metro,224.7432148614241
CANILLEJAS,CANILLEJAS,urban,metro,181.20261386014607
CARABANCHEL,CARABANCHEL,urban,metro,177.4254964153795
CARABANCHEL ALTO,CARABANCHEL ALTO,urban,metro,272.35994860714914
CARPETANA,CARPETANA,urban,metro,187.8051993261057
CARTAGENA,CARTAGENA,urban,metro,151.35970733491462
CASA DE CAMPO,CASA DE CAMPO,urban,metro,201.024401912742
CHAMARTIN,CHAMARTIN,urban,metro,242.74044257361925
CHUECA,CHUECA,urban,metro,143.38983595702166
CIUDAD DE LOS ANGELES,CIUDAD DE LOS ANGELES,urban,metro,232.0435990345735
CIUDAD LINEAL,CIUDAD LINEAL,urban,metro,220.49022780060923
CIUDAD UNIVERSITARIA,CIUDAD UNIVERSITARIA,urban,metro,263.6357821144426
COLOMBIA,COLOMBIA,urban,metro,215.762171301796
COLON,COLON,urban,metro,126.31326969778
COLONIA JARDIN,COLONIA JARDIN,urban,metro,184.0288705854004
CONCHA ESPINA,CONCHA ESPINA,urban,metro,180.85367949805507
CONDE DE CASAL,CONDE DE CASAL,urban,metro,124.30221319753876
CONGOSTO,CONGOSTO,urban,metro,245.73538274771408
CRUZ DEL RAYO,CRUZ DEL RAYO,urban,metro,187.09702884341564
CUATRO CAMINOS,CUATRO CAMINOS,urban,metro,120.38311426646978
CUATRO VIENTOS,CUATRO VIENTOS,urban,metro,268.55745791179424
CUZCO,CUZCO,urban,metro,234.92023037552272
DELICIAS,DELICIAS,urban,metro,254.6812789211628
DIEGO DE LEON,DIEGO DE LEON,urban,metro,102.81152717958128
DUQUE DE PASTRANA,DUQUE DE PASTRANA,urban,metro,193.713276638678
EL CAPRICHO,EL CAPRICHO,urban,metro,268.5668522821001
EL CARMEN,EL CARMEN,urban,metro,210.2624994092531
EMBAJADORES,EMBAJADORES,urban,metro,80.48902562678968
EMPALME,EMPALME,urban,metro,220.76061111394216
ESPERANZA,ESPERANZA,urban,metro,265.67921273037325
ESTACION DEL ARTE,ESTACION DEL ARTE,urban,metro,182.5849231831644
ESTADIO METROPOLITANO,ESTADIO METROPOLITANO,urban,metro,209.9743571707636
ESTRECHO,ESTRECHO,urban,metro,181.7377505037819
ESTRELLA,ESTRELLA,urban,metro,288.4478637808278
EUGENIA DE MONTIJO,EUGENIA DE MONTIJO,urban,metro,233.00002076668
FERIA DE MADRID,FERIA DE MADRID,urban,metro,208.5908950387538
FRANCOS RODRIGUEZ,FRANCOS RODRIGUEZ,urban,metro,203.399749979613
FUENCARRAL,FUENCARRAL,urban,metro,288.28133515630674
GARCIA NOBLEJAS,GARCIA NOBLEJAS,urban,metro,245.7204578305661
GOYA,GOYA,urban,metro,104.35354831636948
GRAN VIA,GRAN VIA,urban,metro,101.65368406350272
GREGORIO MARAÑON,GREGORIO MARAÑON,urban,metro,170.99280171161007
GUZMAN EL BUENO,GUZMAN EL BUENO,urban,metro,186.07904790169883
HERRERA ORIA,HERRERA ORIA,urban,metro,234.9334753342576
HORTALEZA,HORTALEZA,urban,metro,279.8621721600276
HOSPITAL 12 DE OCTUBRE,HOSPITAL 12 DE OCTUBRE,urban,metro,200.47414733855013
IBIZA,IBIZA,urban,metro,183.6388741765637
IGLESIA,IGLESIA,urban,metro,148.82521869427228
ISLAS FILIPINAS,ISLAS FILIPINAS,urban,metro,215.56668224390407
LA ALMUDENA,LA ALMUDENA,urban,metro,203.91775275458664
LA ELIPA,LA ELIPA,urban,metro,193.78966492211208
LA GAVIA,LA GAVIA,urban,metro,246.9513172639824
LA LATINA,LA LATINA,urban,metro,198.7976705154508
LA PESETA,LA PESETA,urban,metro,281.8055252789962
LACOMA,LACOMA,urban,metro,221.0848854309928
LAGUNA,LAGUNA,urban,metro,233.25892669299927
LAS MUSAS,LAS MUSAS,urban,metro,246.490683904756
LAS ROSAS,LAS ROSAS,urban,metro,191.5061806280997
LAS SUERTES,LAS SUERTES,urban,metro,262.2798238009558
LAS TABLAS,LAS TABLAS,urban,metro,244.12140381571825
LAVAPIES,LAVAPIES,urban,metro,152.69572296651438
LEGAZPI,LEGAZPI,urban,metro,206.7935832137981
LISTA,LISTA,urban,metro,88.49011181855846
LUCERO,LUCERO,urban,metro,187.59845496734204
MANOTERAS,MANOTERAS,urban,metro,235.51985584173323
MANUEL BECERRA,MANUEL BECERRA,urban,metro,114.02080007147173
MAR DE CRISTAL,MAR DE CRISTAL,urban,metro,147.37386596222834
MARQUES DE VADILLO,MARQUES DE VADILLO,urban,metro,187.29934324699067
MENDEZ ALVARO,MENDEZ ALVARO,urban,metro,202.5236025522239
MENENDEZ PELAYO,MENENDEZ PELAYO,urban,metro,223.5221465265205
MIGUEL HERNANDEZ,MIGUEL HERNANDEZ,urban,metro,226.61889559097563
MIRASIERRA,MIRASIERRA,urban,metro,255.6930446683908
MONCLOA,MONCLOA,urban,metro,172.6024558150107
MONTECARMELO,MONTECARMELO,urban,metro,233.88621861643915
NOVICIADO,NOVICIADO,urban,metro,97.0622345202368
NUEVA NUMANCIA,NUEVA NUMANCIA,urban,metro,235.6254448416532
NUEVOS MINISTERIOS,NUEVOS MINISTERIOS,urban,metro,177.400941189254
NUÑEZ DE BALBOA,NUÑEZ DE BALBOA,urban,metro,171.08972199995208
ODONNELL,ODONNELL,urban,metro,207.05464140216773
OPAÑEL,OPAÑEL,urban,metro,166.83587386538065
OPERA,OPERA,urban,metro,271.2875750054057
OPORTO,OPORTO,urban,metro,209.107100887603
PACIFICO,PACIFICO,urban,metro,134.56610778720244
PACO DE LUCIA,PACO DE LUCIA,urban,metro,273.5746142203207
PALOS DE LA FRONTERA,PALOS DE LA FRONTERA,urban,metro,133.75117740440618
PAN BENDITO,PAN BENDITO,urban,metro,188.2212598663725
PARQUE DE LAS AVENIDAS,PARQUE DE LAS AVENIDAS,urban,metro,222.4824269403463
PARQUE DE SANTA MARIA,PARQUE DE SANTA MARIA,urban,metro,188.3280286014065
PAVONES,PAVONES,urban,metro,196.7882170838992
PEÑAGRANDE,PEÑAGRANDE,urban,metro,258.23440672025623
PINAR DE CHAMARTIN,PINAR DE CHAMARTIN,urban,metro,210.80928345697643
PINAR DEL REY,PINAR DEL REY,urban,metro,288.9501645133713
PIO XII,PIO XII,urban,metro,250.01655823740708
PIRAMIDES,PIRAMIDES,urban,metro,199.19868304432416
PITIS,PITIS,urban,metro,155.9473110191005
PLAZA DE CASTILLA,PLAZA DE CASTILLA,urban,metro,126.78917811799384
PLAZA DE ESPAÑA,PLAZA DE ESPAÑA,urban,metro,100.5018511349316
PLAZA ELIPTICA,PLAZA ELIPTICA,urban,metro,174.1468623683662
PORTAZGO,PORTAZGO,urban,metro,197.5176777339563
PRINCIPE DE VERGARA,PRINCIPE DE VERGARA,urban,metro,84.00803470701086
PRINCIPE PIO,PRINCIPE PIO,urban,metro,185.89411759742995
PROSPERIDAD,PROSPERIDAD,urban,metro,119.38643935699794
PUEBLO NUEVO,PUEBLO NUEVO,urban,metro,234.33067689978523
PUENTE DE VALLECAS,PUENTE DE VALLECAS,urban,metro,143.76951012207428
PUERTA DE ARGANDA,PUERTA DE ARGANDA,urban,metro,177.2572025039035
PUERTA DE TOLEDO,PUERTA DE TOLEDO,urban,metro,155.32390154416723
PUERTA DEL ANGEL,PUERTA DEL ANGEL,urban,metro,253.73099477879185
QUEVEDO,QUEVEDO,urban,metro,144.08788580397515
QUINTANA,QUINTANA,urban,metro,170.59413947027917
REPUBLICA ARGENTINA,REPUBLICA ARGENTINA,urban,metro,212.99054831127452
RETIRO,RETIRO,urban,metro,194.8666594830908
RIOS ROSAS,RIOS ROSAS,urban,metro,186.1882666411522
RONDA DE LA COMUNICACION,RONDA DE LA COMUNICACION,urban,metro,203.7708388725497
RUBEN DARIO,RUBEN DARIO,urban,metro,198.6113360218956
SAINZ DE BARANDA,SAINZ DE BARANDA,urban,metro,244.418664877145
SAN BERNARDO,SAN BERNARDO,urban,metro,102.94119071011023
SAN BLAS,SAN BLAS,urban,metro,209.9334529447324
SAN CIPRIANO,SAN CIPRIANO,urban,metro,185.677181147574
SAN CRISTOBAL,SAN CRISTOBAL,urban,metro,218.993450000744
SAN FERMIN-ORCASUR,SAN FERMIN-ORCASUR,urban,metro,236.55639422871943
SAN FRANCISCO,SAN FRANCISCO,urban,metro,220.1261297963585
SAN LORENZO,SAN LORENZO,urban,metro,219.21864838265216
SANTIAGO BERNABEU,SANTIAGO BERNABEU,urban,metro,237.9675657066166
SANTO DOMINGO,SANTO DOMINGO,urban,metro,57.37284901854541
SERRANO,SERRANO,urban,metro,129.22972536313284
SEVILLA,SEVILLA,urban,metro,84.50784603893098
SIERRA DE GUADALUPE,SIERRA DE GUADALUPE,urban,metro,182.4570675435984
SIMANCAS,SIMANCAS,urban,metro,287.6209323699379
SOL,SOL,urban,metro,183.377157120878
SUANZES,SUANZES,urban,metro,284.35149227220114
TETUAN,TETUAN,urban,metro,196.84883943005488
TIRSO DE MOLINA,TIRSO DE MOLINA,urban,metro,134.41924919769028
TORRE ARIAS,TORRE ARIAS,urban,metro,259.5936575597622
TRES OLIVOS,TRES OLIVOS,urban,metro,222.37597208151325
TRIBUNAL,TRIBUNAL,urban,metro,103.18145401878022
URGEL,URGEL,urban,metro,172.5075999109599
USERA,USERA,urban,metro,301.1315534465379
VALDEACEDERAS,VALDEACEDERAS,urban,metro,190.5563921877884
VALDEBERNARDO,VALDEBERNARDO,urban,metro,249.25516410483945
VALDECARROS,VALDECARROS,urban,metro,209.4495465616561
VALDEZARZA,VALDEZARZA,urban,metro,252.3475216599484
VELAZQUEZ,VELAZQUEZ,urban,metro,125.3512962248762
VENTAS,VENTAS,urban,metro,166.44560754514274
VENTILLA,VENTILLA,urban,metro,240.3285743617025
VENTURA RODRIGUEZ,VENTURA RODRIGUEZ,urban,metro,177.90403625735792
VICALVARO,VICALVARO,urban,metro,244.4232675061673
VICENTE ALEIXANDRE,VICENTE ALEIXANDRE,urban,metro,194.7206216844671
VILLA DE VALLECAS,VILLA DE VALLECAS,urban,metro,180.18887941328944
VILLAVERDE ALTO,VILLAVERDE ALTO,urban,metro,256.9615239291988
VILLAVERDE BAJO CRUCE,VILLAVERDE BAJO CRUCE,urban,metro,241.2302996800842
VINATEROS,VINATEROS,urban,metro,260.54517250046587
VISTA ALEGRE,VISTA ALEGRE,urban,metro,245.2965066735353
