stop1,stop2,transporte1,transporte2
ABRANTES,PAN BENDITO,metro,metro
ABRANTES,PLAZA ELIPTICA,metro,metro
ACACIAS,PIRAMIDES,metro,metro
ACACIAS,PUERTA DE TOLEDO,metro,metro
AEROPUERTO T-4,BARAJAS,metro,metro
AEROPUERTO T1-T2-T3,BARAJAS,metro,metro
AEROPUERTO T1-T2-T3,FERIA DE MADRID,metro,metro
ALAMEDA DE OSUNA,EL CAPRICHO,metro,metro
ALCORCON CENTRAL,PARQUE LISBOA,metro,metro
ALCORCON CENTRAL,PARQUE OESTE,metro,metro
ALFONSO XIII,AVENIDA DE LA PAZ,metro,metro
ALFONSO XIII,PROSPERIDAD,metro,metro
ALMENDRALES,HOSPITAL 12 DE OCTUBRE,metro,metro
ALMENDRALES,LEGAZPI,metro,metro
ALONSO CANO,CANAL,metro,metro
ALONSO CANO,GREGORIO MARAÑON,metro,metro
ALONSO DE MENDOZA,CONSERVATORIO,metro,metro
ALONSO DE MENDOZA,GETAFE CENTRAL,metro,metro
ALONSO MARTINEZ,BILBAO,metro,metro
ALONSO MARTINEZ,CHUECA,metro,metro
ALONSO MARTINEZ,COLON,metro,metro
ALONSO MARTINEZ,GREGORIO MARAÑON,metro,metro
ALONSO MARTINEZ,RUBEN DARIO,metro,metro
ALONSO MARTINEZ,TRIBUNAL,metro,metro
ALSACIA,AVENIDA DE GUADALAJARA,metro,metro
ALSACIA,LA ALMUDENA,metro,metro
ALTO DE EXTREMADURA,LUCERO,metro,metro
ALTO DE EXTREMADURA,PUERTA DEL ANGEL,metro,metro
ALTO DEL ARENAL,BUENOS AIRES,metro,metro
ALTO DEL ARENAL,MIGUEL HERNANDEZ,metro,metro
ALUCHE,EMPALME,metro,metro
ALUCHE,EUGENIA DE MONTIJO,metro,metro
ALVARADO,CUATRO CAMINOS,metro,metro
ALVARADO,ESTRECHO,metro,metro
ANTON MARTIN,ESTACION DEL ARTE,metro,metro
ANTON MARTIN,TIRSO DE MOLINA,metro,metro
ANTONIO MACHADO,PEÑAGRANDE,metro,metro
ANTONIO MACHADO,VALDEZARZA,metro,metro
ARGANDA DEL REY,LA POVEDA,metro,metro
ARGANZUELA-PLANETARIO,LEGAZPI,metro,metro
ARGANZUELA-PLANETARIO,MENDEZ ALVARO,metro,metro
ARGÜELLES,MONCLOA,metro,metro
ARGÜELLES,PRINCIPE PIO,metro,metro
ARGÜELLES,SAN BERNARDO,metro,metro
ARGÜELLES,VENTURA RODRIGUEZ,metro,metro
ARROYO CULEBRO,CONSERVATORIO,metro,metro
ARROYO CULEBRO,PARQUE DE LOS ESTADOS,metro,metro
ARROYOFRESNO,LACOMA,metro,metro
ARROYOFRESNO,PITIS,metro,metro
ARTILLEROS,PAVONES,metro,metro
ARTILLEROS,VINATEROS,metro,metro
ARTURO SORIA,AVENIDA DE LA PAZ,metro,metro
ARTURO SORIA,ESPERANZA,metro,metro
ASCAO,GARCIA NOBLEJAS,metro,metro
ASCAO,PUEBLO NUEVO,metro,metro
ATOCHA,ESTACION DEL ARTE,metro,metro
ATOCHA,MENENDEZ PELAYO,metro,metro
AVENIDA DE AMERICA,CARTAGENA,metro,metro
AVENIDA DE AMERICA,CRUZ DEL RAYO,metro,metro
AVENIDA DE AMERICA,DIEGO DE LEON,metro,metro
AVENIDA DE AMERICA,GREGORIO MARAÑON,metro,metro
AVENIDA DE AMERICA,NUÑEZ DE BALBOA,metro,metro
AVENIDA DE AMERICA,PROSPERIDAD,metro,metro
AVENIDA DE AMERICA,REPUBLICA ARGENTINA,metro,metro
AVENIDA DE GUADALAJARA,LAS ROSAS,metro,metro
AVENIDA DE LA ILUSTRACION,LACOMA,metro,metro
AVENIDA DE LA ILUSTRACION,PEÑAGRANDE,metro,metro
AVIACION ESPAÑOLA,COLONIA JARDIN,metro,metro
AVIACION ESPAÑOLA,CUATRO VIENTOS,metro,metro
BAMBU,CHAMARTIN,metro,metro
BAMBU,PINAR DE CHAMARTIN,metro,metro
BANCO DE ESPAÑA,RETIRO,metro,metro
BANCO DE ESPAÑA,SEVILLA,metro,metro
BARRIO DE LA CONCEPCION,PARQUE DE LAS AVENIDAS,metro,metro
BARRIO DE LA CONCEPCION,PUEBLO NUEVO,metro,metro
BARRIO DEL PILAR,HERRERA ORIA,metro,metro
BARRIO DEL PILAR,VENTILLA,metro,metro
BARRIO DEL PUERTO,COSLADA CENTRAL,metro,metro
BARRIO DEL PUERTO,ESTADIO METROPOLITANO,metro,metro
BATAN,CASA DE CAMPO,metro,metro
BATAN,LAGO,metro,metro
BAUNATAL,MANUEL DE FALLA,metro,metro
BAUNATAL,REYES CATOLICOS,metro,metro
BEGOÑA,CHAMARTIN,metro,metro
BEGOÑA,FUENCARRAL,metro,metro
BILBAO,IGLESIA,metro,metro
BILBAO,SAN BERNARDO,metro,metro
BILBAO,TRIBUNAL,metro,metro
BUENOS AIRES,PORTAZGO,metro,metro
CALLAO,GRAN VIA,metro,metro
CALLAO,OPERA,metro,metro
CALLAO,PLAZA DE ESPAÑA,metro,metro
CALLAO,SOL,metro,metro
CAMPAMENTO,CASA DE CAMPO,metro,metro
CAMPAMENTO,EMPALME,metro,metro
CANAL,CUATRO CAMINOS,metro,metro
CANAL,ISLAS FILIPINAS,metro,metro
CANAL,QUEVEDO,metro,metro
CANILLAS,ESPERANZA,metro,metro
CANILLAS,MAR DE CRISTAL,metro,metro
CANILLEJAS,EL CAPRICHO,metro,metro
CANILLEJAS,TORRE ARIAS,metro,metro
CARABANCHEL,EUGENIA DE MONTIJO,metro,metro
CARABANCHEL,VISTA ALEGRE,metro,metro
CARABANCHEL ALTO,LA PESETA,metro,metro
CARABANCHEL ALTO,SAN FRANCISCO,metro,metro
CARPETANA,LAGUNA,metro,metro
CARPETANA,OPORTO,metro,metro
CARTAGENA,PARQUE DE LAS AVENIDAS,metro,metro
CASA DE CAMPO,COLONIA JARDIN,metro,metro
CASA DEL RELOJ,HOSPITAL SEVERO OCHOA,metro,metro
CASA DEL RELOJ,JULIAN BESTEIRO,metro,metro
CHAMARTIN,PLAZA DE CASTILLA,metro,metro
CHUECA,GRAN VIA,metro,metro
CIUDAD DE LOS ANGELES,SAN FERMIN-ORCASUR,metro,metro
CIUDAD DE LOS ANGELES,VILLAVERDE BAJO CRUCE,metro,metro
CIUDAD LINEAL,PUEBLO NUEVO,metro,metro
CIUDAD LINEAL,SUANZES,metro,metro
CIUDAD UNIVERSITARIA,MONCLOA,metro,metro
CIUDAD UNIVERSITARIA,VICENTE ALEIXANDRE,metro,metro
COLOMBIA,CONCHA ESPINA,metro,metro
COLOMBIA,NUEVOS MINISTERIOS,metro,metro
COLOMBIA,PINAR DEL REY,metro,metro
COLOMBIA,PIO XII,metro,metro
COLON,SERRANO,metro,metro
CONCHA ESPINA,CRUZ DEL RAYO,metro,metro
CONDE DE CASAL,PACIFICO,metro,metro
CONDE DE CASAL,SAINZ DE BARANDA,metro,metro
CONGOSTO,LA GAVIA,metro,metro
CONGOSTO,VILLA DE VALLECAS,metro,metro
COSLADA CENTRAL,LA RAMBLA,metro,metro
CUATRO CAMINOS,GUZMAN EL BUENO,metro,metro
CUATRO CAMINOS,NUEVOS MINISTERIOS,metro,metro
CUATRO CAMINOS,RIOS ROSAS,metro,metro
CUATRO VIENTOS,JOAQUIN VILUMBRALES,metro,metro
CUZCO,PLAZA DE CASTILLA,metro,metro
CUZCO,SANTIAGO BERNABEU,metro,metro
DELICIAS,LEGAZPI,metro,metro
DELICIAS,PALOS DE LA FRONTERA,metro,metro
DIEGO DE LEON,LISTA,metro,metro
DIEGO DE LEON,MANUEL BECERRA,metro,metro
DIEGO DE LEON,NUÑEZ DE BALBOA,metro,metro
DIEGO DE LEON,VENTAS,metro,metro
DUQUE DE PASTRANA,PIO XII,metro,metro
DUQUE DE PASTRANA,PLAZA DE CASTILLA,metro,metro
EL BERCIAL,EL CARRASCAL,metro,metro
EL BERCIAL,LOS ESPARTALES,metro,metro
EL CARMEN,QUINTANA,metro,metro
EL CARMEN,VENTAS,metro,metro
EL CARRASCAL,JULIAN BESTEIRO,metro,metro
EL CASAR,JUAN DE LA CIERVA,metro,metro
EL CASAR,LOS ESPARTALES,metro,metro
EMBAJADORES,LAVAPIES,metro,metro
EMBAJADORES,PALOS DE LA FRONTERA,metro,metro
ESTADIO METROPOLITANO,LAS MUSAS,metro,metro
ESTRECHO,TETUAN,metro,metro
ESTRELLA,SAINZ DE BARANDA,metro,metro
ESTRELLA,VINATEROS,metro,metro
FERIA DE MADRID,MAR DE CRISTAL,metro,metro
FRANCOS RODRIGUEZ,GUZMAN EL BUENO,metro,metro
FRANCOS RODRIGUEZ,VALDEZARZA,metro,metro
FUENCARRAL,TRES OLIVOS,metro,metro
FUENLABRADA CENTRAL,PARQUE DE LOS ESTADOS,metro,metro
FUENLABRADA CENTRAL,PARQUE EUROPA,metro,metro
GARCIA NOBLEJAS,SIMANCAS,metro,metro
GETAFE CENTRAL,JUAN DE LA CIERVA,metro,metro
GOYA,LISTA,metro,metro
GOYA,MANUEL BECERRA,metro,metro
GOYA,PRINCIPE DE VERGARA,metro,metro
GOYA,VELAZQUEZ,metro,metro
GRAN VIA,SOL,metro,metro
GRAN VIA,TRIBUNAL,metro,metro
GREGORIO MARAÑON,NUEVOS MINISTERIOS,metro,metro
GUZMAN EL BUENO,ISLAS FILIPINAS,metro,metro
GUZMAN EL BUENO,VICENTE ALEIXANDRE,metro,metro
HENARES,HOSPITAL DEL HENARES,metro,metro
HENARES,JARAMA,metro,metro
HERRERA ORIA,MIRASIERRA,metro,metro
HORTALEZA,MANOTERAS,metro,metro
HORTALEZA,PARQUE DE SANTA MARIA,metro,metro
HOSPITAL 12 DE OCTUBRE,SAN FERMIN-ORCASUR,metro,metro
HOSPITAL DE FUENLABRADA,LORANCA,metro,metro
HOSPITAL DE FUENLABRADA,PARQUE EUROPA,metro,metro
HOSPITAL DE MOSTOLES,MANUELA MALASAÑA,metro,metro
HOSPITAL DE MOSTOLES,PRADILLO,metro,metro
HOSPITAL INFANTA SOFIA,REYES CATOLICOS,metro,metro
HOSPITAL SEVERO OCHOA,LEGANES CENTRAL,metro,metro
IBIZA,PRINCIPE DE VERGARA,metro,metro
IBIZA,SAINZ DE BARANDA,metro,metro
IGLESIA,RIOS ROSAS,metro,metro
JARAMA,SAN FERNANDO,metro,metro
JOAQUIN VILUMBRALES,PUERTA DEL SUR,metro,metro
LA ALMUDENA,LA ELIPA,metro,metro
LA ELIPA,VENTAS,metro,metro
LA FORTUNA,LA PESETA,metro,metro
LA GAVIA,LAS SUERTES,metro,metro
LA GRANJA,LA MORALEJA,metro,metro
LA GRANJA,RONDA DE LA COMUNICACION,metro,metro
LA LATINA,OPERA,metro,metro
LA LATINA,PUERTA DE TOLEDO,metro,metro
LA MORALEJA,MARQUES DE LA VALDAVIA,metro,metro
LA POVEDA,RIVAS VACIAMADRID,metro,metro
LA RAMBLA,SAN FERNANDO,metro,metro
LAGO,PRINCIPE PIO,metro,metro
LAGUNA,LUCERO,metro,metro
LAS MUSAS,SAN BLAS,metro,metro
LAS SUERTES,VALDECARROS,metro,metro
LAS TABLAS,MONTECARMELO,metro,metro
LAS TABLAS,RONDA DE LA COMUNICACION,metro,metro
LAVAPIES,SOL,metro,metro
LEGANES CENTRAL,SAN NICASIO,metro,metro
LEGAZPI,USERA,metro,metro
LORANCA,MANUELA MALASAÑA,metro,metro
MANOTERAS,PINAR DE CHAMARTIN,metro,metro
MANUEL BECERRA,ODONNELL,metro,metro
MANUEL BECERRA,VENTAS,metro,metro
MANUEL DE FALLA,MARQUES DE LA VALDAVIA,metro,metro
MAR DE CRISTAL,PINAR DEL REY,metro,metro
MAR DE CRISTAL,SAN LORENZO,metro,metro
MARQUES DE VADILLO,PIRAMIDES,metro,metro
MARQUES DE VADILLO,URGEL,metro,metro
MENDEZ ALVARO,PACIFICO,metro,metro
MENENDEZ PELAYO,PACIFICO,metro,metro
MIGUEL HERNANDEZ,SIERRA DE GUADALUPE,metro,metro
MIRASIERRA,PACO DE LUCIA,metro,metro
MONTECARMELO,TRES OLIVOS,metro,metro
MOSTOLES CENTRAL,PRADILLO,metro,metro
MOSTOLES CENTRAL,UNIVERSIDAD REY JUAN CARLOS,metro,metro
NOVICIADO,SAN BERNARDO,metro,metro
NOVICIADO,SANTO DOMINGO,metro,metro
NUEVA NUMANCIA,PORTAZGO,metro,metro
NUEVA NUMANCIA,PUENTE DE VALLECAS,metro,metro
NUEVOS MINISTERIOS,REPUBLICA ARGENTINA,metro,metro
NUEVOS MINISTERIOS,SANTIAGO BERNABEU,metro,metro
NUÑEZ DE BALBOA,PRINCIPE DE VERGARA,metro,metro
NUÑEZ DE BALBOA,RUBEN DARIO,metro,metro
ODONNELL,SAINZ DE BARANDA,metro,metro
OPAÑEL,OPORTO,metro,metro
OPAÑEL,PLAZA ELIPTICA,metro,metro
OPERA,PRINCIPE PIO,metro,metro
OPERA,SANTO DOMINGO,metro,metro
OPERA,SOL,metro,metro
OPORTO,URGEL,metro,metro
OPORTO,VISTA ALEGRE,metro,metro
PACIFICO,PUENTE DE VALLECAS,metro,metro
PAN BENDITO,SAN FRANCISCO,metro,metro
PARQUE DE SANTA MARIA,SAN LORENZO,metro,metro
PARQUE LISBOA,PUERTA DEL SUR,metro,metro
PARQUE OESTE,UNIVERSIDAD REY JUAN CARLOS,metro,metro
PAVONES,VALDEBERNARDO,metro,metro
PLAZA DE CASTILLA,VALDEACEDERAS,metro,metro
PLAZA DE CASTILLA,VENTILLA,metro,metro
PLAZA DE ESPAÑA,PRINCIPE PIO,metro,metro
PLAZA DE ESPAÑA,TRIBUNAL,metro,metro
PLAZA DE ESPAÑA,VENTURA RODRIGUEZ,metro,metro
PLAZA ELIPTICA,USERA,metro,metro
PRINCIPE DE VERGARA,RETIRO,metro,metro
PRINCIPE PIO,PUERTA DEL ANGEL,metro,metro
PUEBLO NUEVO,QUINTANA,metro,metro
PUERTA DE ARGANDA,RIVAS URBANIZACIONES,metro,metro
PUERTA DE ARGANDA,SAN CIPRIANO,metro,metro
PUERTA DEL SUR,SAN NICASIO,metro,metro
QUEVEDO,SAN BERNARDO,metro,metro
RIVAS FUTURA,RIVAS URBANIZACIONES,metro,metro
RIVAS FUTURA,RIVAS VACIAMADRID,metro,metro
SAN BLAS,SIMANCAS,metro,metro
SAN CIPRIANO,VICALVARO,metro,metro
SAN CRISTOBAL,VILLAVERDE ALTO,metro,metro
SAN CRISTOBAL,VILLAVERDE BAJO CRUCE,metro,metro
SERRANO,VELAZQUEZ,metro,metro
SEVILLA,SOL,metro,metro
SIERRA DE GUADALUPE,VILLA DE VALLECAS,metro,metro
SOL,TIRSO DE MOLINA,metro,metro
SUANZES,TORRE ARIAS,metro,metro
TETUAN,VALDEACEDERAS,metro,metro
VALDEBERNARDO,VICALVARO,metro,metro
ABRANTES,OPAÑEL,urban,urban
ABRANTES,OPORTO,urban,urban
ABRANTES,PAN BENDITO,urban,urban
ABRANTES,PLAZA ELIPTICA,urban,urban
ACACIAS,EMBAJADORES,urban,urban
ACACIAS,LEGAZPI,urban,urban
ACACIAS,PIRAMIDES,urban,urban
ACACIAS,PUERTA DE TOLEDO,urban,urban
AEROPUERTO T-4,AEROPUERTO T1-T2-T3,urban,urban
AEROPUERTO T1-T2-T3,ALAMEDA DE OSUNA,urban,urban
AEROPUERTO T1-T2-T3,BARAJAS,urban,urban
AEROPUERTO T1-T2-T3,CANILLEJAS,urban,urban
AEROPUERTO T1-T2-T3,ODONNELL,urban,urban
ALAMEDA DE OSUNA,BARAJAS,urban,urban
ALAMEDA DE OSUNA,CANILLEJAS,urban,urban
ALAMEDA DE OSUNA,EL CAPRICHO,urban,urban
ALAMEDA DE OSUNA,FERIA DE MADRID,urban,urban
ALFONSO XIII,AVENIDA DE LA PAZ,urban,urban
ALFONSO XIII,CARTAGENA,urban,urban
ALFONSO XIII,CONCHA ESPINA,urban,urban
ALFONSO XIII,PARQUE DE LAS AVENIDAS,urban,urban
ALFONSO XIII,PROSPERIDAD,urban,urban
ALMENDRALES,HOSPITAL 12 DE OCTUBRE,urban,urban
ALMENDRALES,LEGAZPI,urban,urban
ALMENDRALES,SAN FERMIN-ORCASUR,urban,urban
ALMENDRALES,USERA,urban,urban
ALONSO CANO,CANAL,urban,urban
ALONSO CANO,GREGORIO MARAÑON,urban,urban
ALONSO CANO,IGLESIA,urban,urban
ALONSO CANO,NUEVOS MINISTERIOS,urban,urban
ALONSO CANO,RIOS ROSAS,urban,urban
ALONSO MARTINEZ,BILBAO,urban,urban
ALONSO MARTINEZ,CHUECA,urban,urban
ALONSO MARTINEZ,COLON,urban,urban
ALONSO MARTINEZ,IGLESIA,urban,urban
ALONSO MARTINEZ,RUBEN DARIO,urban,urban
ALSACIA,AVENIDA DE GUADALAJARA,urban,urban
ALSACIA,GARCIA NOBLEJAS,urban,urban
ALSACIA,LA ALMUDENA,urban,urban
ALSACIA,ODONNELL,urban,urban
ALSACIA,PAVONES,urban,urban
ALSACIA,SAN BLAS,urban,urban
ALSACIA,SIMANCAS,urban,urban
ALTO DE EXTREMADURA,BATAN,urban,urban
ALTO DE EXTREMADURA,LUCERO,urban,urban
ALTO DE EXTREMADURA,PUERTA DEL ANGEL,urban,urban
ALTO DEL ARENAL,BUENOS AIRES,urban,urban
ALTO DEL ARENAL,MIGUEL HERNANDEZ,urban,urban
ALTO DEL ARENAL,PAVONES,urban,urban
ALTO DEL ARENAL,PORTAZGO,urban,urban
ALUCHE,AVIACION ESPAÑOLA,urban,urban
ALUCHE,CAMPAMENTO,urban,urban
ALUCHE,CARABANCHEL ALTO,urban,urban
ALUCHE,CARPETANA,urban,urban
ALUCHE,CASA DE CAMPO,urban,urban
ALUCHE,EMPALME,urban,urban
ALUCHE,EUGENIA DE MONTIJO,urban,urban
ALUCHE,LA PESETA,urban,urban
ALUCHE,LUCERO,urban,urban
ALVARADO,CUATRO CAMINOS,urban,urban
ALVARADO,ESTRECHO,urban,urban
ALVARADO,FRANCOS RODRIGUEZ,urban,urban
ALVARADO,GUZMAN EL BUENO,urban,urban
ANTON MARTIN,ESTACION DEL ARTE,urban,urban
ANTON MARTIN,SEVILLA,urban,urban
ANTON MARTIN,TIRSO DE MOLINA,urban,urban
ANTONIO MACHADO,FRANCOS RODRIGUEZ,urban,urban
ANTONIO MACHADO,PEÑAGRANDE,urban,urban
ANTONIO MACHADO,VALDEACEDERAS,urban,urban
ANTONIO MACHADO,VALDEZARZA,urban,urban
ANTONIO MACHADO,VENTILLA,urban,urban
ARGANZUELA-PLANETARIO,LEGAZPI,urban,urban
ARGANZUELA-PLANETARIO,MENDEZ ALVARO,urban,urban
ARGÜELLES,CANAL,urban,urban
ARGÜELLES,ISLAS FILIPINAS,urban,urban
ARGÜELLES,MONCLOA,urban,urban
ARGÜELLES,QUEVEDO,urban,urban
ARGÜELLES,SAN BERNARDO,urban,urban
ARGÜELLES,VENTURA RODRIGUEZ,urban,urban
ARROYOFRESNO,CIUDAD UNIVERSITARIA,urban,urban
ARROYOFRESNO,LACOMA,urban,urban
ARROYOFRESNO,MIRASIERRA,urban,urban
ARROYOFRESNO,PACO DE LUCIA,urban,urban
ARROYOFRESNO,PITIS,urban,urban
ARTILLEROS,PAVONES,urban,urban
ARTILLEROS,VINATEROS,urban,urban
ARTURO SORIA,AVENIDA DE LA PAZ,urban,urban
ARTURO SORIA,BARRIO DE LA CONCEPCION,urban,urban
ARTURO SORIA,CIUDAD LINEAL,urban,urban
ARTURO SORIA,COLOMBIA,urban,urban
ARTURO SORIA,ESPERANZA,urban,urban
ARTURO SORIA,PINAR DEL REY,urban,urban
ARTURO SORIA,PIO XII,urban,urban
ASCAO,GARCIA NOBLEJAS,urban,urban
ASCAO,LA ALMUDENA,urban,urban
ASCAO,LA ELIPA,urban,urban
ASCAO,PUEBLO NUEVO,urban,urban
ATOCHA,BANCO DE ESPAÑA,urban,urban
ATOCHA,ESTACION DEL ARTE,urban,urban
ATOCHA,MENDEZ ALVARO,urban,urban
ATOCHA,MENENDEZ PELAYO,urban,urban
ATOCHA,PALOS DE LA FRONTERA,urban,urban
ATOCHA,RETIRO,urban,urban
AVENIDA DE AMERICA,CANILLEJAS,urban,urban
AVENIDA DE AMERICA,CARTAGENA,urban,urban
AVENIDA DE AMERICA,CRUZ DEL RAYO,urban,urban
AVENIDA DE AMERICA,DIEGO DE LEON,urban,urban
AVENIDA DE AMERICA,GREGORIO MARAÑON,urban,urban
AVENIDA DE AMERICA,NUÑEZ DE BALBOA,urban,urban
AVENIDA DE AMERICA,PARQUE DE LAS AVENIDAS,urban,urban
AVENIDA DE AMERICA,REPUBLICA ARGENTINA,urban,urban
AVENIDA DE AMERICA,RUBEN DARIO,urban,urban
AVENIDA DE GUADALAJARA,LAS ROSAS,urban,urban
AVENIDA DE GUADALAJARA,SAN BLAS,urban,urban
AVENIDA DE GUADALAJARA,VICALVARO,urban,urban
AVENIDA DE LA ILUSTRACION,CIUDAD UNIVERSITARIA,urban,urban
AVENIDA DE LA ILUSTRACION,HERRERA ORIA,urban,urban
AVENIDA DE LA ILUSTRACION,LACOMA,urban,urban
AVENIDA DE LA ILUSTRACION,MIRASIERRA,urban,urban
AVENIDA DE LA ILUSTRACION,PEÑAGRANDE,urban,urban
AVENIDA DE LA ILUSTRACION,VALDEZARZA,urban,urban
AVENIDA DE LA PAZ,BARRIO DE LA CONCEPCION,urban,urban
AVENIDA DE LA PAZ,COLOMBIA,urban,urban
AVIACION ESPAÑOLA,CAMPAMENTO,urban,urban
AVIACION ESPAÑOLA,CARABANCHEL ALTO,urban,urban
AVIACION ESPAÑOLA,CUATRO VIENTOS,urban,urban
BAMBU,DUQUE DE PASTRANA,urban,urban
BAMBU,PINAR DE CHAMARTIN,urban,urban
BANCO DE ESPAÑA,CHUECA,urban,urban
BANCO DE ESPAÑA,COLON,urban,urban
BANCO DE ESPAÑA,ESTACION DEL ARTE,urban,urban
BANCO DE ESPAÑA,GRAN VIA,urban,urban
BANCO DE ESPAÑA,ODONNELL,urban,urban
BANCO DE ESPAÑA,RETIRO,urban,urban
BANCO DE ESPAÑA,SEVILLA,urban,urban
BARRIO DE LA CONCEPCION,EL CARMEN,urban,urban
BARRIO DE LA CONCEPCION,PARQUE DE LAS AVENIDAS,urban,urban
BARRIO DE LA CONCEPCION,PUEBLO NUEVO,urban,urban
BARRIO DE LA CONCEPCION,QUINTANA,urban,urban
BARRIO DEL PILAR,BEGOÑA,urban,urban
BARRIO DEL PILAR,CHAMARTIN,urban,urban
BARRIO DEL PILAR,HERRERA ORIA,urban,urban
BARRIO DEL PILAR,PEÑAGRANDE,urban,urban
BARRIO DEL PILAR,VENTILLA,urban,urban
BATAN,CASA DE CAMPO,urban,urban
BATAN,LUCERO,urban,urban
BEGOÑA,CHAMARTIN,urban,urban
BEGOÑA,FUENCARRAL,urban,urban
BEGOÑA,HERRERA ORIA,urban,urban
BEGOÑA,LAS TABLAS,urban,urban
BEGOÑA,PACO DE LUCIA,urban,urban
BEGOÑA,PLAZA DE CASTILLA,urban,urban
BEGOÑA,TRES OLIVOS,urban,urban
BILBAO,IGLESIA,urban,urban
BILBAO,QUEVEDO,urban,urban
BILBAO,SAN BERNARDO,urban,urban
BILBAO,TRIBUNAL,urban,urban
BUENOS AIRES,CONDE DE CASAL,urban,urban
BUENOS AIRES,NUEVA NUMANCIA,urban,urban
BUENOS AIRES,PORTAZGO,urban,urban
CALLAO,GRAN VIA,urban,urban
CALLAO,NOVICIADO,urban,urban
CALLAO,PLAZA DE ESPAÑA,urban,urban
CALLAO,SANTO DOMINGO,urban,urban
CALLAO,TRIBUNAL,urban,urban
CAMPAMENTO,CASA DE CAMPO,urban,urban
CAMPAMENTO,COLONIA JARDIN,urban,urban
CAMPAMENTO,EMPALME,urban,urban
CANAL,IGLESIA,urban,urban
CANAL,ISLAS FILIPINAS,urban,urban
CANAL,QUEVEDO,urban,urban
CANAL,RIOS ROSAS,urban,urban
CANILLAS,CANILLEJAS,urban,urban
CANILLAS,ESPERANZA,urban,urban
CANILLAS,FERIA DE MADRID,urban,urban
CANILLAS,MAR DE CRISTAL,urban,urban
CANILLAS,TORRE ARIAS,urban,urban
CANILLEJAS,EL CAPRICHO,urban,urban
CANILLEJAS,LAS MUSAS,urban,urban
CANILLEJAS,PARQUE DE LAS AVENIDAS,urban,urban
CANILLEJAS,TORRE ARIAS,urban,urban
CARABANCHEL,CARABANCHEL ALTO,urban,urban
CARABANCHEL,CARPETANA,urban,urban
CARABANCHEL,EUGENIA DE MONTIJO,urban,urban
CARABANCHEL,VISTA ALEGRE,urban,urban
CARABANCHEL ALTO,EUGENIA DE MONTIJO,urban,urban
CARABANCHEL ALTO,LA PESETA,urban,urban
CARABANCHEL ALTO,SAN FRANCISCO,urban,urban
CARABANCHEL ALTO,VISTA ALEGRE,urban,urban
CARPETANA,EMPALME,urban,urban
CARPETANA,EUGENIA DE MONTIJO,urban,urban
CARPETANA,LAGUNA,urban,urban
CARPETANA,OPORTO,urban,urban
CARPETANA,PIRAMIDES,urban,urban
CARPETANA,PUERTA DEL ANGEL,urban,urban
CARPETANA,VISTA ALEGRE,urban,urban
CARTAGENA,DIEGO DE LEON,urban,urban
CARTAGENA,PARQUE DE LAS AVENIDAS,urban,urban
CARTAGENA,PROSPERIDAD,urban,urban
CASA DE CAMPO,EMPALME,urban,urban
CASA DE CAMPO,LAGUNA,urban,urban
CASA DE CAMPO,LUCERO,urban,urban
CHAMARTIN,PLAZA DE CASTILLA,urban,urban
CHUECA,COLON,urban,urban
CIUDAD DE LOS ANGELES,SAN FERMIN-ORCASUR,urban,urban
CIUDAD DE LOS ANGELES,VILLAVERDE BAJO CRUCE,urban,urban
CIUDAD LINEAL,GARCIA NOBLEJAS,urban,urban
CIUDAD LINEAL,PUEBLO NUEVO,urban,urban
CIUDAD LINEAL,QUINTANA,urban,urban
CIUDAD LINEAL,SUANZES,urban,urban
CIUDAD UNIVERSITARIA,ISLAS FILIPINAS,urban,urban
CIUDAD UNIVERSITARIA,MONCLOA,urban,urban
CIUDAD UNIVERSITARIA,PRINCIPE PIO,urban,urban
CIUDAD UNIVERSITARIA,VICENTE ALEIXANDRE,urban,urban
COLOMBIA,CONCHA ESPINA,urban,urban
COLOMBIA,CUZCO,urban,urban
COLOMBIA,MANOTERAS,urban,urban
COLOMBIA,PINAR DEL REY,urban,urban
COLOMBIA,PIO XII,urban,urban
COLOMBIA,SANTIAGO BERNABEU,urban,urban
COLON,RUBEN DARIO,urban,urban
COLON,SERRANO,urban,urban
COLON,VELAZQUEZ,urban,urban
COLONIA JARDIN,EMPALME,urban,urban
CONCHA ESPINA,CRUZ DEL RAYO,urban,urban
CONCHA ESPINA,REPUBLICA ARGENTINA,urban,urban
CONCHA ESPINA,SANTIAGO BERNABEU,urban,urban
CONDE DE CASAL,ESTRELLA,urban,urban
CONDE DE CASAL,LA GAVIA,urban,urban
CONDE DE CASAL,MENENDEZ PELAYO,urban,urban
CONDE DE CASAL,PACIFICO,urban,urban
CONDE DE CASAL,SAINZ DE BARANDA,urban,urban
CONDE DE CASAL,SIERRA DE GUADALUPE,urban,urban
CONDE DE CASAL,VILLA DE VALLECAS,urban,urban
CONGOSTO,LA GAVIA,urban,urban
CONGOSTO,SIERRA DE GUADALUPE,urban,urban
CONGOSTO,VILLA DE VALLECAS,urban,urban
CRUZ DEL RAYO,PROSPERIDAD,urban,urban
CRUZ DEL RAYO,REPUBLICA ARGENTINA,urban,urban
CUATRO CAMINOS,GUZMAN EL BUENO,urban,urban
CUATRO CAMINOS,NUEVOS MINISTERIOS,urban,urban
CUATRO CAMINOS,RIOS ROSAS,urban,urban
CUZCO,PLAZA DE CASTILLA,urban,urban
CUZCO,SANTIAGO BERNABEU,urban,urban
CUZCO,TETUAN,urban,urban
CUZCO,VALDEACEDERAS,urban,urban
DELICIAS,EMBAJADORES,urban,urban
DELICIAS,LEGAZPI,urban,urban
DELICIAS,MENDEZ ALVARO,urban,urban
DELICIAS,PALOS DE LA FRONTERA,urban,urban
DELICIAS,PLAZA ELIPTICA,urban,urban
DELICIAS,USERA,urban,urban
DIEGO DE LEON,LISTA,urban,urban
DIEGO DE LEON,MANUEL BECERRA,urban,urban
DIEGO DE LEON,NUÑEZ DE BALBOA,urban,urban
DIEGO DE LEON,PARQUE DE LAS AVENIDAS,urban,urban
DIEGO DE LEON,VENTAS,urban,urban
DUQUE DE PASTRANA,PIO XII,urban,urban
DUQUE DE PASTRANA,PLAZA DE CASTILLA,urban,urban
EL CARMEN,LA ELIPA,urban,urban
EL CARMEN,PARQUE DE LAS AVENIDAS,urban,urban
EL CARMEN,PUEBLO NUEVO,urban,urban
EL CARMEN,QUINTANA,urban,urban
EL CARMEN,VENTAS,urban,urban
EMBAJADORES,LAVAPIES,urban,urban
EMBAJADORES,PIRAMIDES,urban,urban
EMPALME,LAGUNA,urban,urban
ESPERANZA,PINAR DEL REY,urban,urban
ESTACION DEL ARTE,LAVAPIES,urban,urban
ESTACION DEL ARTE,MENENDEZ PELAYO,urban,urban
ESTACION DEL ARTE,PALOS DE LA FRONTERA,urban,urban
ESTACION DEL ARTE,RETIRO,urban,urban
ESTACION DEL ARTE,SEVILLA,urban,urban
ESTACION DEL ARTE,USERA,urban,urban
ESTADIO METROPOLITANO,LAS MUSAS,urban,urban
ESTADIO METROPOLITANO,LAS ROSAS,urban,urban
ESTRECHO,FRANCOS RODRIGUEZ,urban,urban
ESTRECHO,SANTIAGO BERNABEU,urban,urban
ESTRECHO,TETUAN,urban,urban
ESTRELLA,ODONNELL,urban,urban
ESTRELLA,PUENTE DE VALLECAS,urban,urban
ESTRELLA,SAINZ DE BARANDA,urban,urban
ESTRELLA,VINATEROS,urban,urban
FERIA DE MADRID,MAR DE CRISTAL,urban,urban
FERIA DE MADRID,SUANZES,urban,urban
FRANCOS RODRIGUEZ,GUZMAN EL BUENO,urban,urban
FRANCOS RODRIGUEZ,VALDEZARZA,urban,urban
FRANCOS RODRIGUEZ,VICENTE ALEIXANDRE,urban,urban
FUENCARRAL,HERRERA ORIA,urban,urban
FUENCARRAL,LAS TABLAS,urban,urban
FUENCARRAL,MONTECARMELO,urban,urban
FUENCARRAL,PACO DE LUCIA,urban,urban
FUENCARRAL,TRES OLIVOS,urban,urban
GARCIA NOBLEJAS,LA ALMUDENA,urban,urban
GARCIA NOBLEJAS,SIMANCAS,urban,urban
GARCIA NOBLEJAS,SUANZES,urban,urban
GOYA,IBIZA,urban,urban
GOYA,LISTA,urban,urban
GOYA,MANUEL BECERRA,urban,urban
GOYA,ODONNELL,urban,urban
GOYA,PRINCIPE DE VERGARA,urban,urban
GRAN VIA,SEVILLA,urban,urban
GRAN VIA,TRIBUNAL,urban,urban
GREGORIO MARAÑON,IGLESIA,urban,urban
GREGORIO MARAÑON,NUEVOS MINISTERIOS,urban,urban
GREGORIO MARAÑON,REPUBLICA ARGENTINA,urban,urban
GREGORIO MARAÑON,RIOS ROSAS,urban,urban
GREGORIO MARAÑON,RUBEN DARIO,urban,urban
GUZMAN EL BUENO,ISLAS FILIPINAS,urban,urban
GUZMAN EL BUENO,VICENTE ALEIXANDRE,urban,urban
HERRERA ORIA,PACO DE LUCIA,urban,urban
HORTALEZA,LAS TABLAS,urban,urban
HORTALEZA,MANOTERAS,urban,urban
HORTALEZA,PARQUE DE SANTA MARIA,urban,urban
HORTALEZA,PINAR DEL REY,urban,urban
HOSPITAL 12 DE OCTUBRE,PAN BENDITO,urban,urban
HOSPITAL 12 DE OCTUBRE,SAN FERMIN-ORCASUR,urban,urban
HOSPITAL 12 DE OCTUBRE,USERA,urban,urban
IBIZA,MENENDEZ PELAYO,urban,urban
IBIZA,PRINCIPE DE VERGARA,urban,urban
IBIZA,SAINZ DE BARANDA,urban,urban
IGLESIA,QUEVEDO,urban,urban
IGLESIA,RUBEN DARIO,urban,urban
ISLAS FILIPINAS,MONCLOA,urban,urban
ISLAS FILIPINAS,QUEVEDO,urban,urban
ISLAS FILIPINAS,VICENTE ALEIXANDRE,urban,urban
LA ALMUDENA,LA ELIPA,urban,urban
LA ALMUDENA,SIMANCAS,urban,urban
LA ELIPA,ODONNELL,urban,urban
LA ELIPA,PUEBLO NUEVO,urban,urban
LA ELIPA,QUINTANA,urban,urban
LA ELIPA,VINATEROS,urban,urban
LA GAVIA,LAS SUERTES,urban,urban
LA LATINA,LAVAPIES,urban,urban
LA LATINA,MARQUES DE VADILLO,urban,urban
LA LATINA,OPERA,urban,urban
LA LATINA,PUERTA DE TOLEDO,urban,urban
LA LATINA,PUERTA DEL ANGEL,urban,urban
LA LATINA,SOL,urban,urban
LA LATINA,TIRSO DE MOLINA,urban,urban
LA PESETA,PAN BENDITO,urban,urban
LA PESETA,SAN FRANCISCO,urban,urban
LACOMA,MIRASIERRA,urban,urban
LAGUNA,LUCERO,urban,urban
LAGUNA,PUERTA DEL ANGEL,urban,urban
LAS MUSAS,LAS ROSAS,urban,urban
LAS MUSAS,SAN BLAS,urban,urban
LAS MUSAS,SUANZES,urban,urban
LAS MUSAS,TORRE ARIAS,urban,urban
LAS SUERTES,VALDECARROS,urban,urban
LAS TABLAS,MONTECARMELO,urban,urban
LAS TABLAS,RONDA DE LA COMUNICACION,urban,urban
LAVAPIES,PALOS DE LA FRONTERA,urban,urban
LAVAPIES,TIRSO DE MOLINA,urban,urban
LEGAZPI,MARQUES DE VADILLO,urban,urban
LEGAZPI,MENDEZ ALVARO,urban,urban
LEGAZPI,PIRAMIDES,urban,urban
LEGAZPI,USERA,urban,urban
LISTA,MANUEL BECERRA,urban,urban
LISTA,NUÑEZ DE BALBOA,urban,urban
LUCERO,PUERTA DEL ANGEL,urban,urban
MANOTERAS,PINAR DE CHAMARTIN,urban,urban
MANOTERAS,PIO XII,urban,urban
MANUEL BECERRA,ODONNELL,urban,urban
MANUEL BECERRA,VENTAS,urban,urban
MAR DE CRISTAL,PINAR DEL REY,urban,urban
MAR DE CRISTAL,SAN LORENZO,urban,urban
MARQUES DE VADILLO,PIRAMIDES,urban,urban
MARQUES DE VADILLO,PLAZA ELIPTICA,urban,urban
MARQUES DE VADILLO,PUERTA DEL ANGEL,urban,urban
MARQUES DE VADILLO,URGEL,urban,urban
MARQUES DE VADILLO,USERA,urban,urban
MENDEZ ALVARO,MENENDEZ PELAYO,urban,urban
MENDEZ ALVARO,PACIFICO,urban,urban
MENDEZ ALVARO,PUENTE DE VALLECAS,urban,urban
MENENDEZ PELAYO,PACIFICO,urban,urban
MENENDEZ PELAYO,PALOS DE LA FRONTERA,urban,urban
MIGUEL HERNANDEZ,SIERRA DE GUADALUPE,urban,urban
MIRASIERRA,PACO DE LUCIA,urban,urban
MIRASIERRA,PITIS,urban,urban
MONTECARMELO,PACO DE LUCIA,urban,urban
NOVICIADO,PLAZA DE ESPAÑA,urban,urban
NOVICIADO,SAN BERNARDO,urban,urban
NOVICIADO,SANTO DOMINGO,urban,urban
NOVICIADO,TRIBUNAL,urban,urban
NUEVA NUMANCIA,PORTAZGO,urban,urban
NUEVA NUMANCIA,PUENTE DE VALLECAS,urban,urban
NUEVOS MINISTERIOS,REPUBLICA ARGENTINA,urban,urban
NUEVOS MINISTERIOS,RIOS ROSAS,urban,urban
NUEVOS MINISTERIOS,SANTIAGO BERNABEU,urban,urban
NUÑEZ DE BALBOA,PRINCIPE DE VERGARA,urban,urban
NUÑEZ DE BALBOA,RUBEN DARIO,urban,urban
NUÑEZ DE BALBOA,VELAZQUEZ,urban,urban
ODONNELL,PAVONES,urban,urban
ODONNELL,SAINZ DE BARANDA,urban,urban
ODONNELL,VICALVARO,urban,urban
OPAÑEL,OPORTO,urban,urban
OPAÑEL,PLAZA ELIPTICA,urban,urban
OPERA,PLAZA DE ESPAÑA,urban,urban
OPERA,PUERTA DE TOLEDO,urban,urban
OPORTO,URGEL,urban,urban
OPORTO,VISTA ALEGRE,urban,urban
PACIFICO,PUENTE DE VALLECAS,urban,urban
PACO DE LUCIA,PITIS,urban,urban
PALOS DE LA FRONTERA,PLAZA ELIPTICA,urban,urban
PAN BENDITO,PLAZA ELIPTICA,urban,urban
PAN BENDITO,SAN FERMIN-ORCASUR,urban,urban
PAN BENDITO,SAN FRANCISCO,urban,urban
PARQUE DE LAS AVENIDAS,VENTAS,urban,urban
PARQUE DE SANTA MARIA,SAN LORENZO,urban,urban
PAVONES,VALDEBERNARDO,urban,urban
PAVONES,VICALVARO,urban,urban
PINAR DE CHAMARTIN,PIO XII,urban,urban
PIRAMIDES,PUERTA DE TOLEDO,urban,urban
PIRAMIDES,PUERTA DEL ANGEL,urban,urban
PLAZA DE CASTILLA,VALDEACEDERAS,urban,urban
PLAZA DE CASTILLA,VENTILLA,urban,urban
PLAZA DE ESPAÑA,PRINCIPE PIO,urban,urban
PLAZA DE ESPAÑA,SANTO DOMINGO,urban,urban
PLAZA DE ESPAÑA,VENTURA RODRIGUEZ,urban,urban
PLAZA ELIPTICA,SAN FERMIN-ORCASUR,urban,urban
PLAZA ELIPTICA,USERA,urban,urban
PRINCIPE DE VERGARA,RETIRO,urban,urban
PRINCIPE DE VERGARA,SERRANO,urban,urban
PRINCIPE DE VERGARA,VELAZQUEZ,urban,urban
PRINCIPE PIO,PUERTA DEL ANGEL,urban,urban
PUENTE DE VALLECAS,VINATEROS,urban,urban
PUERTA DE ARGANDA,SAN CIPRIANO,urban,urban
PUERTA DE ARGANDA,VICALVARO,urban,urban
PUERTA DE TOLEDO,PUERTA DEL ANGEL,urban,urban
REPUBLICA ARGENTINA,RUBEN DARIO,urban,urban
RETIRO,SERRANO,urban,urban
RETIRO,VELAZQUEZ,urban,urban
RUBEN DARIO,SERRANO,urban,urban
SAN BERNARDO,VENTURA RODRIGUEZ,urban,urban
SAN BLAS,SIMANCAS,urban,urban
SAN CIPRIANO,VALDEBERNARDO,urban,urban
SAN CIPRIANO,VICALVARO,urban,urban
SAN CRISTOBAL,VILLAVERDE ALTO,urban,urban
SAN CRISTOBAL,VILLAVERDE BAJO CRUCE,urban,urban
SAN FERMIN-ORCASUR,USERA,urban,urban
SERRANO,VELAZQUEZ,urban,urban
SEVILLA,SOL,urban,urban
SIERRA DE GUADALUPE,VALDEBERNARDO,urban,urban
SIERRA DE GUADALUPE,VILLA DE VALLECAS,urban,urban
SIERRA DE GUADALUPE,VILLAVERDE BAJO CRUCE,urban,urban
SIMANCAS,TORRE ARIAS,urban,urban
SOL,TIRSO DE MOLINA,urban,urban
SUANZES,TORRE ARIAS,urban,urban
TETUAN,VALDEACEDERAS,urban,urban
VALDEACEDERAS,VENTILLA,urban,urban
VALDEBERNARDO,VICALVARO,urban,urban
VILLAVERDE ALTO,VILLAVERDE BAJO CRUCE,urban,urban
ABRANTES,OPAÑEL,interurban,interurban
ABRANTES,PAN BENDITO,interurban,interurban
AEROPUERTO T-4,BARAJAS,interurban,interurban
AEROPUERTO T-4,FERIA DE MADRID,interurban,interurban
AEROPUERTO T-4,MANUEL DE FALLA,interurban,interurban
AEROPUERTO T-4,MARQUES DE LA VALDAVIA,interurban,interurban
AEROPUERTO T1-T2-T3,COSLADA CENTRAL,interurban,interurban
ALAMEDA DE OSUNA,BARAJAS,interurban,interurban
ALAMEDA DE OSUNA,CANILLEJAS,interurban,interurban
ALCORCON CENTRAL,CUATRO VIENTOS,interurban,interurban
ALCORCON CENTRAL,MOSTOLES CENTRAL,interurban,interurban
ALCORCON CENTRAL,PARQUE LISBOA,interurban,interurban
ALCORCON CENTRAL,PARQUE OESTE,interurban,interurban
ALCORCON CENTRAL,PRADILLO,interurban,interurban
ALMENDRALES,HOSPITAL 12 DE OCTUBRE,interurban,interurban
ALMENDRALES,LEGAZPI,interurban,interurban
ALONSO DE MENDOZA,CONSERVATORIO,interurban,interurban
ALONSO DE MENDOZA,GETAFE CENTRAL,interurban,interurban
ALONSO DE MENDOZA,JUAN DE LA CIERVA,interurban,interurban
ALSACIA,AVENIDA DE GUADALAJARA,interurban,interurban
ALSACIA,SIMANCAS,interurban,interurban
ALSACIA,VICALVARO,interurban,interurban
ALUCHE,CARABANCHEL ALTO,interurban,interurban
ALUCHE,EMPALME,interurban,interurban
ALUCHE,LA FORTUNA,interurban,interurban
ARGANDA DEL REY,LA POVEDA,interurban,interurban
ARGANDA DEL REY,PAVONES,interurban,interurban
ARGANDA DEL REY,RIVAS VACIAMADRID,interurban,interurban
ARROYO CULEBRO,CONSERVATORIO,interurban,interurban
ATOCHA,PLAZA ELIPTICA,interurban,interurban
AVENIDA DE AMERICA,CANILLEJAS,interurban,interurban
AVENIDA DE AMERICA,CARTAGENA,interurban,interurban
AVENIDA DE AMERICA,PARQUE DE LAS AVENIDAS,interurban,interurban
AVENIDA DE GUADALAJARA,VICALVARO,interurban,interurban
AVENIDA DE LA ILUSTRACION,HERRERA ORIA,interurban,interurban
AVIACION ESPAÑOLA,CAMPAMENTO,interurban,interurban
AVIACION ESPAÑOLA,COLONIA JARDIN,interurban,interurban
AVIACION ESPAÑOLA,CUATRO VIENTOS,interurban,interurban
BAMBU,CHAMARTIN,interurban,interurban
BAMBU,MARQUES DE LA VALDAVIA,interurban,interurban
BAMBU,PINAR DE CHAMARTIN,interurban,interurban
BARAJAS,CANILLEJAS,interurban,interurban
BARRIO DEL PUERTO,COSLADA CENTRAL,interurban,interurban
BARRIO DEL PUERTO,ESTADIO METROPOLITANO,interurban,interurban
BARRIO DEL PUERTO,PUERTA DE ARGANDA,interurban,interurban
BAUNATAL,BEGOÑA,interurban,interurban
BAUNATAL,HOSPITAL INFANTA SOFIA,interurban,interurban
BAUNATAL,LA MORALEJA,interurban,interurban
BAUNATAL,MANUEL DE FALLA,interurban,interurban
BAUNATAL,MARQUES DE LA VALDAVIA,interurban,interurban
BAUNATAL,REYES CATOLICOS,interurban,interurban
BEGOÑA,CHAMARTIN,interurban,interurban
BEGOÑA,FUENCARRAL,interurban,interurban
BEGOÑA,HERRERA ORIA,interurban,interurban
BEGOÑA,HOSPITAL INFANTA SOFIA,interurban,interurban
BEGOÑA,LA MORALEJA,interurban,interurban
BEGOÑA,MARQUES DE LA VALDAVIA,interurban,interurban
BEGOÑA,PLAZA DE CASTILLA,interurban,interurban
BEGOÑA,RONDA DE LA COMUNICACION,interurban,interurban
BEGOÑA,TRES OLIVOS,interurban,interurban
CAMPAMENTO,COLONIA JARDIN,interurban,interurban
CAMPAMENTO,CUATRO VIENTOS,interurban,interurban
CAMPAMENTO,EMPALME,interurban,interurban
CAMPAMENTO,PRINCIPE PIO,interurban,interurban
CANILLEJAS,EL CAPRICHO,interurban,interurban
CANILLEJAS,FERIA DE MADRID,interurban,interurban
CANILLEJAS,JARAMA,interurban,interurban
CANILLEJAS,PARQUE DE LAS AVENIDAS,interurban,interurban
CANILLEJAS,SAN FERNANDO,interurban,interurban
CARABANCHEL,EUGENIA DE MONTIJO,interurban,interurban
CARABANCHEL,VISTA ALEGRE,interurban,interurban
CARABANCHEL ALTO,EUGENIA DE MONTIJO,interurban,interurban
CARABANCHEL ALTO,LA FORTUNA,interurban,interurban
CARABANCHEL ALTO,LA PESETA,interurban,interurban
CARABANCHEL ALTO,SAN FRANCISCO,interurban,interurban
CARTAGENA,PARQUE DE LAS AVENIDAS,interurban,interurban
CASA DEL RELOJ,EL CARRASCAL,interurban,interurban
CASA DEL RELOJ,GETAFE CENTRAL,interurban,interurban
CASA DEL RELOJ,HOSPITAL SEVERO OCHOA,interurban,interurban
CASA DEL RELOJ,JULIAN BESTEIRO,interurban,interurban
CASA DEL RELOJ,LEGANES CENTRAL,interurban,interurban
CASA DEL RELOJ,SAN NICASIO,interurban,interurban
CHAMARTIN,FUENCARRAL,interurban,interurban
CHAMARTIN,PLAZA DE CASTILLA,interurban,interurban
CIUDAD DE LOS ANGELES,SAN FERMIN-ORCASUR,interurban,interurban
CIUDAD DE LOS ANGELES,VILLAVERDE BAJO CRUCE,interurban,interurban
CIUDAD LINEAL,GARCIA NOBLEJAS,interurban,interurban
CIUDAD UNIVERSITARIA,MONCLOA,interurban,interurban
COLONIA JARDIN,EMPALME,interurban,interurban
CONSERVATORIO,DELICIAS,interurban,interurban
CONSERVATORIO,GETAFE CENTRAL,interurban,interurban
CONSERVATORIO,PARQUE DE LOS ESTADOS,interurban,interurban
CONSERVATORIO,PLAZA ELIPTICA,interurban,interurban
COSLADA CENTRAL,LA RAMBLA,interurban,interurban
COSLADA CENTRAL,SAN FERNANDO,interurban,interurban
CUATRO VIENTOS,HOSPITAL DE MOSTOLES,interurban,interurban
CUATRO VIENTOS,JOAQUIN VILUMBRALES,interurban,interurban
CUATRO VIENTOS,MANUELA MALASAÑA,interurban,interurban
CUATRO VIENTOS,MOSTOLES CENTRAL,interurban,interurban
CUATRO VIENTOS,PARQUE LISBOA,interurban,interurban
CUATRO VIENTOS,PRADILLO,interurban,interurban
DELICIAS,ESTACION DEL ARTE,interurban,interurban
DELICIAS,GETAFE CENTRAL,interurban,interurban
DELICIAS,JUAN DE LA CIERVA,interurban,interurban
DELICIAS,USERA,interurban,interurban
EL BERCIAL,EL CARRASCAL,interurban,interurban
EL BERCIAL,GETAFE CENTRAL,interurban,interurban
EL BERCIAL,JUAN DE LA CIERVA,interurban,interurban
EL BERCIAL,LOS ESPARTALES,interurban,interurban
EL BERCIAL,PLAZA ELIPTICA,interurban,interurban
EL CAPRICHO,SAN FERNANDO,interurban,interurban
EL CARRASCAL,JUAN DE LA CIERVA,interurban,interurban
EL CARRASCAL,JULIAN BESTEIRO,interurban,interurban
EL CARRASCAL,LA FORTUNA,interurban,interurban
EL CARRASCAL,PAN BENDITO,interurban,interurban
EL CARRASCAL,VILLAVERDE ALTO,interurban,interurban
EL CASAR,GETAFE CENTRAL,interurban,interurban
EL CASAR,JUAN DE LA CIERVA,interurban,interurban
EL CASAR,LOS ESPARTALES,interurban,interurban
EL CASAR,SAN CRISTOBAL,interurban,interurban
ESTACION DEL ARTE,PALOS DE LA FRONTERA,interurban,interurban
ESTACION DEL ARTE,USERA,interurban,interurban
ESTACION DEL ARTE,VILLAVERDE BAJO CRUCE,interurban,interurban
ESTADIO METROPOLITANO,LAS MUSAS,interurban,interurban
FUENCARRAL,LA GRANJA,interurban,interurban
FUENCARRAL,RONDA DE LA COMUNICACION,interurban,interurban
FUENLABRADA CENTRAL,HOSPITAL SEVERO OCHOA,interurban,interurban
FUENLABRADA CENTRAL,PARQUE DE LOS ESTADOS,interurban,interurban
FUENLABRADA CENTRAL,PARQUE EUROPA,interurban,interurban
GARCIA NOBLEJAS,SIMANCAS,interurban,interurban
GETAFE CENTRAL,JUAN DE LA CIERVA,interurban,interurban
GETAFE CENTRAL,LOS ESPARTALES,interurban,interurban
GETAFE CENTRAL,PLAZA ELIPTICA,interurban,interurban
HENARES,HOSPITAL DEL HENARES,interurban,interurban
HENARES,JARAMA,interurban,interurban
HENARES,LA POVEDA,interurban,interurban
HOSPITAL 12 DE OCTUBRE,SAN FERMIN-ORCASUR,interurban,interurban
HOSPITAL DE FUENLABRADA,PARQUE EUROPA,interurban,interurban
HOSPITAL DE MOSTOLES,MANUELA MALASAÑA,interurban,interurban
HOSPITAL DE MOSTOLES,MOSTOLES CENTRAL,interurban,interurban
HOSPITAL DE MOSTOLES,PARQUE EUROPA,interurban,interurban
HOSPITAL DE MOSTOLES,PRADILLO,interurban,interurban
HOSPITAL DE MOSTOLES,UNIVERSIDAD REY JUAN CARLOS,interurban,interurban
HOSPITAL DEL HENARES,JARAMA,interurban,interurban
HOSPITAL DEL HENARES,LA RAMBLA,interurban,interurban
HOSPITAL DEL HENARES,SAN FERNANDO,interurban,interurban
HOSPITAL INFANTA SOFIA,LA MORALEJA,interurban,interurban
HOSPITAL INFANTA SOFIA,REYES CATOLICOS,interurban,interurban
HOSPITAL SEVERO OCHOA,LEGANES CENTRAL,interurban,interurban
HOSPITAL SEVERO OCHOA,PARQUE DE LOS ESTADOS,interurban,interurban
HOSPITAL SEVERO OCHOA,PARQUE EUROPA,interurban,interurban
JARAMA,SAN FERNANDO,interurban,interurban
JOAQUIN VILUMBRALES,PARQUE LISBOA,interurban,interurban
JOAQUIN VILUMBRALES,PUERTA DEL SUR,interurban,interurban
JUAN DE LA CIERVA,LOS ESPARTALES,interurban,interurban
JUAN DE LA CIERVA,PLAZA ELIPTICA,interurban,interurban
JULIAN BESTEIRO,LA FORTUNA,interurban,interurban
JULIAN BESTEIRO,LA PESETA,interurban,interurban
JULIAN BESTEIRO,PAN BENDITO,interurban,interurban
JULIAN BESTEIRO,SAN NICASIO,interurban,interurban
LA FORTUNA,PAN BENDITO,interurban,interurban
LA FORTUNA,SAN NICASIO,interurban,interurban
LA GRANJA,LA MORALEJA,interurban,interurban
LA GRANJA,MANUEL DE FALLA,interurban,interurban
LA GRANJA,MARQUES DE LA VALDAVIA,interurban,interurban
LA GRANJA,RONDA DE LA COMUNICACION,interurban,interurban
LA MORALEJA,MANUEL DE FALLA,interurban,interurban
LA MORALEJA,MARQUES DE LA VALDAVIA,interurban,interurban
LA MORALEJA,PINAR DE CHAMARTIN,interurban,interurban
LA MORALEJA,PLAZA DE CASTILLA,interurban,interurban
LA MORALEJA,REYES CATOLICOS,interurban,interurban
LA MORALEJA,RONDA DE LA COMUNICACION,interurban,interurban
LA RAMBLA,SAN FERNANDO,interurban,interurban
LAS MUSAS,SIMANCAS,interurban,interurban
LEGANES CENTRAL,PARQUE DE LOS ESTADOS,interurban,interurban
LEGANES CENTRAL,SAN NICASIO,interurban,interurban
LORANCA,PARQUE EUROPA,interurban,interurban
LORANCA,PRADILLO,interurban,interurban
LOS ESPARTALES,PLAZA ELIPTICA,interurban,interurban
LOS ESPARTALES,VILLAVERDE ALTO,interurban,interurban
MANUEL DE FALLA,MARQUES DE LA VALDAVIA,interurban,interurban
MANUELA MALASAÑA,MOSTOLES CENTRAL,interurban,interurban
MANUELA MALASAÑA,PRADILLO,interurban,interurban
MARQUES DE LA VALDAVIA,PINAR DE CHAMARTIN,interurban,interurban
MARQUES DE LA VALDAVIA,PLAZA DE CASTILLA,interurban,interurban
MARQUES DE LA VALDAVIA,REYES CATOLICOS,interurban,interurban
MONCLOA,PRINCIPE PIO,interurban,interurban
MOSTOLES CENTRAL,PRADILLO,interurban,interurban
MOSTOLES CENTRAL,UNIVERSIDAD REY JUAN CARLOS,interurban,interurban
OPAÑEL,OPORTO,interurban,interurban
OPORTO,VISTA ALEGRE,interurban,interurban
PALOS DE LA FRONTERA,USERA,interurban,interurban
PAN BENDITO,PLAZA ELIPTICA,interurban,interurban
PAN BENDITO,SAN FRANCISCO,interurban,interurban
PARQUE EUROPA,PRADILLO,interurban,interurban
PARQUE LISBOA,PUERTA DEL SUR,interurban,interurban
PAVONES,RIVAS VACIAMADRID,interurban,interurban
PLAZA DE CASTILLA,REYES CATOLICOS,interurban,interurban
PLAZA ELIPTICA,USERA,interurban,interurban
PUERTA DE ARGANDA,SAN CIPRIANO,interurban,interurban
PUERTA DEL SUR,SAN NICASIO,interurban,interurban
RIVAS FUTURA,RIVAS URBANIZACIONES,interurban,interurban
RIVAS FUTURA,RIVAS VACIAMADRID,interurban,interurban
SAN CIPRIANO,VICALVARO,interurban,interurban
SAN CRISTOBAL,VILLAVERDE BAJO CRUCE,interurban,interurban
VILLAVERDE ALTO,VILLAVERDE BAJO CRUCE,interurban,interurban
ABRANTES,ABRANTES,interurban,metro
AEROPUERTO T-4,AEROPUERTO T-4,interurban,metro
AEROPUERTO T1-T2-T3,AEROPUERTO T1-T2-T3,interurban,metro
ALAMEDA DE OSUNA,ALAMEDA DE OSUNA,interurban,metro
ALCORCON CENTRAL,ALCORCON CENTRAL,interurban,metro
ALMENDRALES,ALMENDRALES,interurban,metro
ALONSO DE MENDOZA,ALONSO DE MENDOZA,interurban,metro
ALSACIA,ALSACIA,interurban,metro
ALUCHE,ALUCHE,interurban,metro
ARGANDA DEL REY,ARGANDA DEL REY,interurban,metro
ARROYO CULEBRO,ARROYO CULEBRO,interurban,metro
ATOCHA,ATOCHA,interurban,metro
AVENIDA DE AMERICA,AVENIDA DE AMERICA,interurban,metro
AVENIDA DE GUADALAJARA,AVENIDA DE GUADALAJARA,interurban,metro
AVENIDA DE LA ILUSTRACION,AVENIDA DE LA ILUSTRACION,interurban,metro
AVIACION ESPAÑOLA,AVIACION ESPAÑOLA,interurban,metro
BAMBU,BAMBU,interurban,metro
BARAJAS,BARAJAS,interurban,metro
BARRIO DEL PUERTO,BARRIO DEL PUERTO,interurban,metro
BATAN,BATAN,interurban,metro
BAUNATAL,BAUNATAL,interurban,metro
BEGOÑA,BEGOÑA,interurban,metro
CAMPAMENTO,CAMPAMENTO,interurban,metro
CANILLEJAS,CANILLEJAS,interurban,metro
CARABANCHEL,CARABANCHEL,interurban,metro
CARABANCHEL ALTO,CARABANCHEL ALTO,interurban,metro
CARTAGENA,CARTAGENA,interurban,metro
CASA DEL RELOJ,CASA DEL RELOJ,interurban,metro
CHAMARTIN,CHAMARTIN,interurban,metro
CIUDAD DE LOS ANGELES,CIUDAD DE LOS ANGELES,interurban,metro
CIUDAD LINEAL,CIUDAD LINEAL,interurban,metro
CIUDAD UNIVERSITARIA,CIUDAD UNIVERSITARIA,interurban,metro
COLONIA JARDIN,COLONIA JARDIN,interurban,metro
CONDE DE CASAL,CONDE DE CASAL,interurban,metro
CONSERVATORIO,CONSERVATORIO,interurban,metro
COSLADA CENTRAL,COSLADA CENTRAL,interurban,metro
CUATRO VIENTOS,CUATRO VIENTOS,interurban,metro
DELICIAS,DELICIAS,interurban,metro
EL BERCIAL,EL BERCIAL,interurban,metro
EL CAPRICHO,EL CAPRICHO,interurban,metro
EL CARRASCAL,EL CARRASCAL,interurban,metro
EL CASAR,EL CASAR,interurban,metro
EMPALME,EMPALME,interurban,metro
ESTACION DEL ARTE,ESTACION DEL ARTE,interurban,metro
ESTADIO METROPOLITANO,ESTADIO METROPOLITANO,interurban,metro
EUGENIA DE MONTIJO,EUGENIA DE MONTIJO,interurban,metro
FERIA DE MADRID,FERIA DE MADRID,interurban,metro
FUENCARRAL,FUENCARRAL,interurban,metro
FUENLABRADA CENTRAL,FUENLABRADA CENTRAL,interurban,metro
GARCIA NOBLEJAS,GARCIA NOBLEJAS,interurban,metro
GETAFE CENTRAL,GETAFE CENTRAL,interurban,metro
HENARES,HENARES,interurban,metro
HERRERA ORIA,HERRERA ORIA,interurban,metro
HOSPITAL 12 DE OCTUBRE,HOSPITAL 12 DE OCTUBRE,interurban,metro
HOSPITAL DE FUENLABRADA,HOSPITAL DE FUENLABRADA,interurban,metro
HOSPITAL DE MOSTOLES,HOSPITAL DE MOSTOLES,interurban,metro
HOSPITAL DEL HENARES,HOSPITAL DEL HENARES,interurban,metro
HOSPITAL INFANTA SOFIA,HOSPITAL INFANTA SOFIA,interurban,metro
HOSPITAL SEVERO OCHOA,HOSPITAL SEVERO OCHOA,interurban,metro
JARAMA,JARAMA,interurban,metro
JOAQUIN VILUMBRALES,JOAQUIN VILUMBRALES,interurban,metro
JUAN DE LA CIERVA,JUAN DE LA CIERVA,interurban,metro
JULIAN BESTEIRO,JULIAN BESTEIRO,interurban,metro
LA FORTUNA,LA FORTUNA,interurban,metro
LA GRANJA,LA GRANJA,interurban,metro
LA MORALEJA,LA MORALEJA,interurban,metro
LA PESETA,LA PESETA,interurban,metro
LA POVEDA,LA POVEDA,interurban,metro
LA RAMBLA,LA RAMBLA,interurban,metro
LAS MUSAS,LAS MUSAS,interurban,metro
LEGANES CENTRAL,LEGANES CENTRAL,interurban,metro
LEGAZPI,LEGAZPI,interurban,metro
LORANCA,LORANCA,interurban,metro
LOS ESPARTALES,LOS ESPARTALES,interurban,metro
LUCERO,LUCERO,interurban,metro
MANUEL DE FALLA,MANUEL DE FALLA,interurban,metro
MANUELA MALASAÑA,MANUELA MALASAÑA,interurban,metro
MARQUES DE LA VALDAVIA,MARQUES DE LA VALDAVIA,interurban,metro
MENDEZ ALVARO,MENDEZ ALVARO,interurban,metro
MONCLOA,MONCLOA,interurban,metro
MOSTOLES CENTRAL,MOSTOLES CENTRAL,interurban,metro
OPAÑEL,OPAÑEL,interurban,metro
OPORTO,OPORTO,interurban,metro
PALOS DE LA FRONTERA,PALOS DE LA FRONTERA,interurban,metro
PAN BENDITO,PAN BENDITO,interurban,metro
PARQUE DE LAS AVENIDAS,PARQUE DE LAS AVENIDAS,interurban,metro
PARQUE DE LOS ESTADOS,PARQUE DE LOS ESTADOS,interurban,metro
PARQUE EUROPA,PARQUE EUROPA,interurban,metro
PARQUE LISBOA,PARQUE LISBOA,interurban,metro
PARQUE OESTE,PARQUE OESTE,interurban,metro
PAVONES,PAVONES,interurban,metro
PINAR DE CHAMARTIN,PINAR DE CHAMARTIN,interurban,metro
PLAZA DE CASTILLA,PLAZA DE CASTILLA,interurban,metro
PLAZA ELIPTICA,PLAZA ELIPTICA,interurban,metro
PRADILLO,PRADILLO,interurban,metro
PRINCIPE PIO,PRINCIPE PIO,interurban,metro
PUERTA DE ARGANDA,PUERTA DE ARGANDA,interurban,metro
PUERTA DEL SUR,PUERTA DEL SUR,interurban,metro
REYES CATOLICOS,REYES CATOLICOS,interurban,metro
RIVAS FUTURA,RIVAS FUTURA,interurban,metro
RIVAS URBANIZACIONES,RIVAS URBANIZACIONES,interurban,metro
RIVAS VACIAMADRID,RIVAS VACIAMADRID,interurban,metro
RONDA DE LA COMUNICACION,RONDA DE LA COMUNICACION,interurban,metro
SAN CIPRIANO,SAN CIPRIANO,interurban,metro
SAN CRISTOBAL,SAN CRISTOBAL,interurban,metro
SAN FERMIN-ORCASUR,SAN FERMIN-ORCASUR,interurban,metro
SAN FERNANDO,SAN FERNANDO,interurban,metro
SAN FRANCISCO,SAN FRANCISCO,interurban,metro
SAN NICASIO,SAN NICASIO,interurban,metro
SIERRA DE GUADALUPE,SIERRA DE GUADALUPE,interurban,metro
SIMANCAS,SIMANCAS,interurban,metro
TRES OLIVOS,TRES OLIVOS,interurban,metro
UNIVERSIDAD REY JUAN CARLOS,UNIVERSIDAD REY JUAN CARLOS,interurban,metro
USERA,USERA,interurban,metro
VICALVARO,VICALVARO,interurban,metro
VILLAVERDE ALTO,VILLAVERDE ALTO,interurban,metro
VILLAVERDE BAJO CRUCE,VILLAVERDE BAJO CRUCE,interurban,metro
VISTA ALEGRE,VISTA ALEGRE,interurban,metro
ABRANTES,ABRANTES,urban,metro
ACACIAS,ACACIAS,urban,metro
AEROPUERTO T-4,AEROPUERTO T-4,urban,metro
AEROPUERTO T1-T2-T3,AEROPUERTO T1-T2-T3,urban,metro
ALAMEDA DE OSUNA,ALAMEDA DE OSUNA,urban,metro
ALFONSO XIII,ALFONSO XIII,urban,metro
ALMENDRALES,ALMENDRALES,urban,metro
ALONSO CANO,ALONSO CANO,urban,metro
ALONSO MARTINEZ,ALONSO MARTINEZ,urban,metro
ALSACIA,ALSACIA,urban,metro
ALTO DE EXTREMADURA,ALTO DE EXTREMADURA,urban,metro
ALTO DEL ARENAL,ALTO DEL ARENAL,urban,metro
ALUCHE,ALUCHE,urban,metro
ALVARADO,ALVARADO,urban,metro
ANTON MARTIN,ANTON MARTIN,urban,metro
ANTONIO MACHADO,ANTONIO MACHADO,urban,metro
ARGANZUELA-PLANETARIO,ARGANZUELA-PLANETARIO,urban,metro
ARGÜELLES,ARGÜELLES,urban,metro
ARROYOFRESNO,ARROYOFRESNO,urban,metro
ARTILLEROS,ARTILLEROS,urban,metro
ARTURO SORIA,ARTURO SORIA,urban,metro
ASCAO,ASCAO,urban,metro
ATOCHA,ATOCHA,urban,metro
AVENIDA DE AMERICA,AVENIDA DE AMERICA,urban,metro
AVENIDA DE GUADALAJARA,AVENIDA DE GUADALAJARA,urban,metro
AVENIDA DE LA ILUSTRACION,AVENIDA DE LA ILUSTRACION,urban,metro
AVENIDA DE LA PAZ,AVENIDA DE LA PAZ,urban,metro
AVIACION ESPAÑOLA,AVIACION ESPAÑOLA,urban,metro
BAMBU,BAMBU,urban,metro
BANCO DE ESPAÑA,BANCO DE ESPAÑA,urban,metro
BARAJAS,BARAJAS,urban,metro
BARRIO DE LA CONCEPCION,BARRIO DE LA CONCEPCION,urban,metro
BARRIO DEL PILAR,BARRIO DEL PILAR,urban,metro
BATAN,BATAN,urban,metro
BEGOÑA,BEGOÑA,urban,metro
BILBAO,BILBAO,urban,metro
BUENOS AIRES,BUENOS AIRES,urban,metro
CALLAO,CALLAO,urban,metro
CAMPAMENTO,CAMPAMENTO,urban,metro
CANAL,CANAL,urban,metro
CANILLAS,CANILLAS,urban,metro
CANILLEJAS,CANILLEJAS,urban,metro
CARABANCHEL,CARABANCHEL,urban,metro
CARABANCHEL ALTO,CARABANCHEL ALTO,urban,metro
CARPETANA,CARPETANA,urban,metro
CARTAGENA,CARTAGENA,urban,metro
CASA DE CAMPO,CASA DE CAMPO,urban,metro
CHAMARTIN,CHAMARTIN,urban,metro
CHUECA,CHUECA,urban,metro
CIUDAD DE LOS ANGELES,CIUDAD DE LOS ANGELES,urban,metro
CIUDAD LINEAL,CIUDAD LINEAL,urban,metro
CIUDAD UNIVERSITARIA,CIUDAD UNIVERSITARIA,urban,metro
COLOMBIA,COLOMBIA,urban,metro
COLON,COLON,urban,metro
COLONIA JARDIN,COLONIA JARDIN,urban,metro
CONCHA ESPINA,CONCHA ESPINA,urban,metro
CONDE DE CASAL,CONDE DE CASAL,urban,metro
CONGOSTO,CONGOSTO,urban,metro
CRUZ DEL RAYO,CRUZ DEL RAYO,urban,metro
CUATRO CAMINOS,CUATRO CAMINOS,urban,metro
CUATRO VIENTOS,CUATRO VIENTOS,urban,metro
CUZCO,CUZCO,urban,metro
DELICIAS,DELICIAS,urban,metro
DIEGO DE LEON,DIEGO DE LEON,urban,metro
DUQUE DE PASTRANA,DUQUE DE PASTRANA,urban,metro
EL CAPRICHO,EL CAPRICHO,urban,metro
EL CARMEN,EL CARMEN,urban,metro
EMBAJADORES,EMBAJADORES,urban,metro
EMPALME,EMPALME,urban,metro
ESPERANZA,ESPERANZA,urban,metro
ESTACION DEL ARTE,ESTACION DEL ARTE,urban,metro
ESTADIO METROPOLITANO,ESTADIO METROPOLITANO,urban,metro
ESTRECHO,ESTRECHO,urban,metro
ESTRELLA,ESTRELLA,urban,metro
EUGENIA DE MONTIJO,EUGENIA DE MONTIJO,urban,metro
FERIA DE MADRID,FERIA DE MADRID,urban,metro
FRANCOS RODRIGUEZ,FRANCOS RODRIGUEZ,urban,metro
FUENCARRAL,FUENCARRAL,urban,metro
GARCIA NOBLEJAS,GARCIA NOBLEJAS,urban,metro
GOYA,GOYA,urban,metro
GRAN VIA,GRAN VIA,urban,metro
GREGORIO MARAÑON,GREGORIO MARAÑON,urban,metro
GUZMAN EL BUENO,GUZMAN EL BUENO,urban,metro
HERRERA ORIA,HERRERA ORIA,urban,metro
HORTALEZA,HORTALEZA,urban,metro
HOSPITAL 12 DE OCTUBRE,HOSPITAL 12 DE OCTUBRE,urban,metro
IBIZA,IBIZA,urban,metro
IGLESIA,IGLESIA,urban,metro
ISLAS FILIPINAS,ISLAS FILIPINAS,urban,metro
LA ALMUDENA,LA ALMUDENA,urban,metro
LA ELIPA,LA ELIPA,urban,metro
LA GAVIA,LA GAVIA,urban,metro
LA LATINA,LA LATINA,urban,metro
LA PESETA,LA PESETA,urban,metro
LACOMA,LACOMA,urban,metro
LAGUNA,LAGUNA,urban,metro
LAS MUSAS,LAS MUSAS,urban,metro
LAS ROSAS,LAS ROSAS,urban,metro
LAS SUERTES,LAS SUERTES,urban,metro
LAS TABLAS,LAS TABLAS,urban,metro
LAVAPIES,LAVAPIES,urban,metro
LEGAZPI,LEGAZPI,urban,metro
LISTA,LISTA,urban,metro
LUCERO,LUCERO,urban,metro
MANOTERAS,MANOTERAS,urban,metro
MANUEL BECERRA,MANUEL BECERRA,urban,metro
MAR DE CRISTAL,MAR DE CRISTAL,urban,metro
MARQUES DE VADILLO,MARQUES DE VADILLO,urban,metro
MENDEZ ALVARO,MENDEZ ALVARO,urban,metro
MENENDEZ PELAYO,MENENDEZ PELAYO,urban,metro
MIGUEL HERNANDEZ,MIGUEL HERNANDEZ,urban,metro
MIRASIERRA,MIRASIERRA,urban,metro
MONCLOA,MONCLOA,urban,metro
MONTECARMELO,MONTECARMELO,urban,metro
NOVICIADO,NOVICIADO,urban,metro
NUEVA NUMANCIA,NUEVA NUMANCIA,urban,metro
NUEVOS MINISTERIOS,NUEVOS MINISTERIOS,urban,metro
NUÑEZ DE BALBOA,NUÑEZ DE BALBOA,urban,metro
ODONNELL,ODONNELL,urban,metro
OPAÑEL,OPAÑEL,urban,metro
OPERA,OPERA,urban,metro
OPORTO,OPORTO,urban,metro
PACIFICO,PACIFICO,urban,metro
PACO DE LUCIA,PACO DE LUCIA,urban,metro
PALOS DE LA FRONTERA,PALOS DE LA FRONTERA,urban,metro
PAN BENDITO,PAN BENDITO,urban,metro
PARQUE DE LAS AVENIDAS,PARQUE DE LAS AVENIDAS,urban,metro
PARQUE DE SANTA MARIA,PARQUE DE SANTA MARIA,urban,metro
PAVONES,PAVONES,urban,metro
PEÑAGRANDE,PEÑAGRANDE,urban,metro
PINAR DE CHAMARTIN,PINAR DE CHAMARTIN,urban,metro
PINAR DEL REY,PINAR DEL REY,urban,metro
PIO XII,PIO XII,urban,metro
PIRAMIDES,PIRAMIDES,urban,metro
PITIS,PITIS,urban,metro
PLAZA DE CASTILLA,PLAZA DE CASTILLA,urban,metro
PLAZA DE ESPAÑA,PLAZA DE ESPAÑA,urban,metro
PLAZA ELIPTICA,PLAZA ELIPTICA,urban,metro
PORTAZGO,PORTAZGO,urban,metro
PRINCIPE DE VERGARA,PRINCIPE DE VERGARA,urban,metro
PRINCIPE PIO,PRINCIPE PIO,urban,metro
PROSPERIDAD,PROSPERIDAD,urban,metro
PUEBLO NUEVO,PUEBLO NUEVO,urban,metro
PUENTE DE VALLECAS,PUENTE DE VALLECAS,urban,metro
PUERTA DE ARGANDA,PUERTA DE ARGANDA,urban,metro
PUERTA DE TOLEDO,PUERTA DE TOLEDO,urban,metro
PUERTA DEL ANGEL,PUERTA DEL ANGEL,urban,metro
QUEVEDO,QUEVEDO,urban,metro
QUINTANA,QUINTANA,urban,metro
REPUBLICA ARGENTINA,REPUBLICA ARGENTINA,urban,metro
RETIRO,RETIRO,urban,metro
RIOS ROSAS,RIOS ROSAS,urban,metro
RONDA DE LA COMUNICACION,RONDA DE LA COMUNICACION,urban,metro
RUBEN DARIO,RUBEN DARIO,urban,metro
SAINZ DE BARANDA,SAINZ DE BARANDA,urban,metro
SAN BERNARDO,SAN BERNARDO,urban,metro
SAN BLAS,SAN BLAS,urban,metro
SAN CIPRIANO,SAN CIPRIANO,urban,metro
SAN CRISTOBAL,SAN CRISTOBAL,urban,metro
SAN FERMIN-ORCASUR,SAN FERMIN-ORCASUR,urban,metro
SAN FRANCISCO,SAN FRANCISCO,urban,metro
SAN LORENZO,SAN LORENZO,urban,metro
SANTIAGO BERNABEU,SANTIAGO BERNABEU,urban,metro
SANTO DOMINGO,SANTO DOMINGO,urban,metro
SERRANO,SERRANO,urban,metro
SEVILLA,SEVILLA,urban,metro
SIERRA DE GUADALUPE,SIERRA DE GUADALUPE,urban,metro
SIMANCAS,SIMANCAS,urban,metro
SOL,SOL,urban,metro
SUANZES,SUANZES,urban,metro
TETUAN,TETUAN,urban,metro
TIRSO DE MOLINA,TIRSO DE MOLINA,urban,metro
TORRE ARIAS,TORRE ARIAS,urban,metro
TRES OLIVOS,TRES OLIVOS,urban,metro
TRIBUNAL,TRIBUNAL,urban,metro
URGEL,URGEL,urban,metro
USERA,USERA,urban,metro
VALDEACEDERAS,VALDEACEDERAS,urban,metro
VALDEBERNARDO,VALDEBERNARDO,urban,metro
VALDECARROS,VALDECARROS,urban,metro
VALDEZARZA,VALDEZARZA,urban,metro
VELAZQUEZ,VELAZQUEZ,urban,metro
VENTAS,VENTAS,urban,metro
VENTILLA,VENTILLA,urban,metro
VENTURA RODRIGUEZ,VENTURA RODRIGUEZ,urban,metro
VICALVARO,VICALVARO,urban,metro
VICENTE ALEIXANDRE,VICENTE ALEIXANDRE,urban,metro
VILLA DE VALLECAS,VILLA DE VALLECAS,urban,metro
VILLAVERDE ALTO,VILLAVERDE ALTO,urban,metro
VILLAVERDE BAJO CRUCE,VILLAVERDE BAJO CRUCE,urban,metro
VINATEROS,VINATEROS,urban,metro
VISTA ALEGRE,VISTA ALEGRE,urban,metro
